Lap,LapTime,LapSpeed,RunningPos,Number,FullName,Manufacturer,NASCARDriverID,Finish,race_id,FlagState
0,NA,NA,1,54,Kyle Busch,Tyt,454,1,5098,8
1,141.419,86.806,1,54,Kyle Busch,Tyt,454,1,5098,1
2,138.541,88.609,1,54,Kyle Busch,Tyt,454,1,5098,1
3,138.077,88.907,1,54,Kyle Busch,Tyt,454,1,5098,1
4,138.262,88.788,1,54,Kyle Busch,Tyt,454,1,5098,1
5,138.473,88.653,1,54,Kyle Busch,Tyt,454,1,5098,1
6,139.053,88.283,1,54,Kyle Busch,Tyt,454,1,5098,1
7,139.234,88.168,1,54,Kyle Busch,Tyt,454,1,5098,1
8,139.546,87.971,1,54,Kyle Busch,Tyt,454,1,5098,1
9,139.993,87.690,1,54,Kyle Busch,Tyt,454,1,5098,1
10,140.479,87.387,1,54,Kyle Busch,Tyt,454,1,5098,1
11,163.207,75.217,1,54,Kyle Busch,Tyt,454,1,5098,2
12,306.851,40.006,22,54,Kyle Busch,Tyt,454,1,5098,2
13,243.641,50.386,15,54,Kyle Busch,Tyt,454,1,5098,1
14,144.942,84.696,13,54,Kyle Busch,Tyt,454,1,5098,1
15,276.927,44.329,7,54,Kyle Busch,Tyt,454,1,5098,2
16,292.17,42.017,6,54,Kyle Busch,Tyt,454,1,5098,2
17,244.365,50.236,6,54,Kyle Busch,Tyt,454,1,5098,1
18,139.11,88.247,2,54,Kyle Busch,Tyt,454,1,5098,1
19,137.343,89.382,2,54,Kyle Busch,Tyt,454,1,5098,1
20,207.479,59.167,1,54,Kyle Busch,Tyt,454,1,5098,2
21,269.359,45.575,1,54,Kyle Busch,Tyt,454,1,5098,2
22,258.615,47.468,1,54,Kyle Busch,Tyt,454,1,5098,1
23,138.18,88.841,1,54,Kyle Busch,Tyt,454,1,5098,1
24,137.726,89.133,1,54,Kyle Busch,Tyt,454,1,5098,1
25,138.177,88.843,1,54,Kyle Busch,Tyt,454,1,5098,1
26,138.127,88.875,1,54,Kyle Busch,Tyt,454,1,5098,1
27,139.104,88.251,1,54,Kyle Busch,Tyt,454,1,5098,1
28,168.196,72.986,6,54,Kyle Busch,Tyt,454,1,5098,1
29,145.262,84.509,5,54,Kyle Busch,Tyt,454,1,5098,1
30,141.615,86.686,5,54,Kyle Busch,Tyt,454,1,5098,1
31,291.077,42.174,1,54,Kyle Busch,Tyt,454,1,5098,2
32,300.254,40.885,1,54,Kyle Busch,Tyt,454,1,5098,1
33,137.902,89.020,1,54,Kyle Busch,Tyt,454,1,5098,1
34,136.902,89.670,1,54,Kyle Busch,Tyt,454,1,5098,1
35,137.318,89.398,1,54,Kyle Busch,Tyt,454,1,5098,1
36,138.542,88.609,1,54,Kyle Busch,Tyt,454,1,5098,1
37,138.177,88.843,1,54,Kyle Busch,Tyt,454,1,5098,1
38,138.968,88.337,1,54,Kyle Busch,Tyt,454,1,5098,1
39,139.531,87.980,1,54,Kyle Busch,Tyt,454,1,5098,1
40,139.971,87.704,1,54,Kyle Busch,Tyt,454,1,5098,1
41,140.384,87.446,1,54,Kyle Busch,Tyt,454,1,5098,1
42,140.036,87.663,1,54,Kyle Busch,Tyt,454,1,5098,1
43,140.887,87.134,1,54,Kyle Busch,Tyt,454,1,5098,1
44,140.35,87.467,1,54,Kyle Busch,Tyt,454,1,5098,1
45,140.7,87.249,1,54,Kyle Busch,Tyt,454,1,5098,1
46,140.671,87.267,1,54,Kyle Busch,Tyt,454,1,5098,4
0,NA,NA,7,16,AJ Allmendinger,Chv,3774,2,5098,8
1,141.34,86.854,2,16,AJ Allmendinger,Chv,3774,2,5098,1
2,138.454,88.665,2,16,AJ Allmendinger,Chv,3774,2,5098,1
3,138.208,88.823,2,16,AJ Allmendinger,Chv,3774,2,5098,1
4,138.955,88.345,2,16,AJ Allmendinger,Chv,3774,2,5098,1
5,138.726,88.491,2,16,AJ Allmendinger,Chv,3774,2,5098,1
6,139.447,88.033,2,16,AJ Allmendinger,Chv,3774,2,5098,1
7,139.927,87.731,2,16,AJ Allmendinger,Chv,3774,2,5098,1
8,140.15,87.592,2,16,AJ Allmendinger,Chv,3774,2,5098,1
9,140.711,87.243,2,16,AJ Allmendinger,Chv,3774,2,5098,1
10,141.104,87.000,2,16,AJ Allmendinger,Chv,3774,2,5098,1
11,159.351,77.037,2,16,AJ Allmendinger,Chv,3774,2,5098,2
12,284.231,43.190,1,16,AJ Allmendinger,Chv,3774,2,5098,2
13,263.905,46.517,1,16,AJ Allmendinger,Chv,3774,2,5098,1
14,140.163,87.584,1,16,AJ Allmendinger,Chv,3774,2,5098,1
15,297.895,41.209,23,16,AJ Allmendinger,Chv,3774,2,5098,2
16,291.428,42.124,20,16,AJ Allmendinger,Chv,3774,2,5098,2
17,232.056,52.901,19,16,AJ Allmendinger,Chv,3774,2,5098,1
18,143.879,85.322,14,16,AJ Allmendinger,Chv,3774,2,5098,1
19,141.588,86.702,12,16,AJ Allmendinger,Chv,3774,2,5098,1
20,205.381,59.772,12,16,AJ Allmendinger,Chv,3774,2,5098,2
21,268.902,45.652,12,16,AJ Allmendinger,Chv,3774,2,5098,2
22,251.479,48.815,11,16,AJ Allmendinger,Chv,3774,2,5098,1
23,144.174,85.147,13,16,AJ Allmendinger,Chv,3774,2,5098,1
24,140.237,87.538,11,16,AJ Allmendinger,Chv,3774,2,5098,1
25,139.398,88.064,10,16,AJ Allmendinger,Chv,3774,2,5098,1
26,139.664,87.897,10,16,AJ Allmendinger,Chv,3774,2,5098,1
27,170.056,72.188,19,16,AJ Allmendinger,Chv,3774,2,5098,1
28,145.967,84.101,17,16,AJ Allmendinger,Chv,3774,2,5098,1
29,140.003,87.684,10,16,AJ Allmendinger,Chv,3774,2,5098,1
30,138.935,88.358,8,16,AJ Allmendinger,Chv,3774,2,5098,1
31,279.604,43.905,3,16,AJ Allmendinger,Chv,3774,2,5098,2
32,299.063,41.048,3,16,AJ Allmendinger,Chv,3774,2,5098,1
33,138.449,88.668,2,16,AJ Allmendinger,Chv,3774,2,5098,1
34,137.567,89.237,2,16,AJ Allmendinger,Chv,3774,2,5098,1
35,138.235,88.805,2,16,AJ Allmendinger,Chv,3774,2,5098,1
36,139.004,88.314,2,16,AJ Allmendinger,Chv,3774,2,5098,1
37,139.467,88.021,2,16,AJ Allmendinger,Chv,3774,2,5098,1
38,140.009,87.680,2,16,AJ Allmendinger,Chv,3774,2,5098,1
39,140.272,87.516,2,16,AJ Allmendinger,Chv,3774,2,5098,1
40,140.702,87.248,2,16,AJ Allmendinger,Chv,3774,2,5098,1
41,140.668,87.269,2,16,AJ Allmendinger,Chv,3774,2,5098,1
42,140.419,87.424,2,16,AJ Allmendinger,Chv,3774,2,5098,1
43,140.945,87.098,2,16,AJ Allmendinger,Chv,3774,2,5098,1
44,141.672,86.651,2,16,AJ Allmendinger,Chv,3774,2,5098,1
45,141.423,86.803,2,16,AJ Allmendinger,Chv,3774,2,5098,1
46,142.291,86.274,2,16,AJ Allmendinger,Chv,3774,2,5098,4
0,NA,NA,9,7,Justin Allgaier,Chv,34,3,5098,8
1,142.731,86.008,4,7,Justin Allgaier,Chv,34,3,5098,1
2,139.598,87.938,4,7,Justin Allgaier,Chv,34,3,5098,1
3,139.188,88.197,3,7,Justin Allgaier,Chv,34,3,5098,1
4,139.091,88.259,3,7,Justin Allgaier,Chv,34,3,5098,1
5,139.564,87.960,3,7,Justin Allgaier,Chv,34,3,5098,1
6,140.144,87.596,3,7,Justin Allgaier,Chv,34,3,5098,1
7,141.127,86.985,3,7,Justin Allgaier,Chv,34,3,5098,1
8,141.47,86.775,3,7,Justin Allgaier,Chv,34,3,5098,1
9,141.097,87.004,3,7,Justin Allgaier,Chv,34,3,5098,1
10,141.577,86.709,3,7,Justin Allgaier,Chv,34,3,5098,1
11,151.979,80.774,3,7,Justin Allgaier,Chv,34,3,5098,2
12,300.006,40.919,18,7,Justin Allgaier,Chv,34,3,5098,2
13,247.763,49.547,10,7,Justin Allgaier,Chv,34,3,5098,1
14,142.695,86.030,6,7,Justin Allgaier,Chv,34,3,5098,1
15,276.038,44.472,1,7,Justin Allgaier,Chv,34,3,5098,2
16,290.368,42.277,1,7,Justin Allgaier,Chv,34,3,5098,2
17,249.374,49.227,1,7,Justin Allgaier,Chv,34,3,5098,1
18,139.683,87.885,3,7,Justin Allgaier,Chv,34,3,5098,1
19,138.592,88.577,3,7,Justin Allgaier,Chv,34,3,5098,1
20,207.631,59.124,3,7,Justin Allgaier,Chv,34,3,5098,2
21,268.938,45.646,3,7,Justin Allgaier,Chv,34,3,5098,2
22,257.63,47.650,3,7,Justin Allgaier,Chv,34,3,5098,1
23,140.198,87.562,3,7,Justin Allgaier,Chv,34,3,5098,1
24,138.374,88.716,3,7,Justin Allgaier,Chv,34,3,5098,1
25,138.933,88.359,3,7,Justin Allgaier,Chv,34,3,5098,1
26,139.968,87.706,2,7,Justin Allgaier,Chv,34,3,5098,1
27,140.099,87.624,2,7,Justin Allgaier,Chv,34,3,5098,1
28,168.276,72.952,8,7,Justin Allgaier,Chv,34,3,5098,1
29,147.014,83.502,7,7,Justin Allgaier,Chv,34,3,5098,1
30,139.579,87.950,7,7,Justin Allgaier,Chv,34,3,5098,1
31,285.833,42.948,2,7,Justin Allgaier,Chv,34,3,5098,2
32,299.466,40.993,2,7,Justin Allgaier,Chv,34,3,5098,1
33,139.36,88.088,3,7,Justin Allgaier,Chv,34,3,5098,1
34,138.213,88.819,3,7,Justin Allgaier,Chv,34,3,5098,1
35,138.981,88.329,3,7,Justin Allgaier,Chv,34,3,5098,1
36,139.03,88.297,3,7,Justin Allgaier,Chv,34,3,5098,1
37,139.72,87.861,3,7,Justin Allgaier,Chv,34,3,5098,1
38,139.953,87.715,3,7,Justin Allgaier,Chv,34,3,5098,1
39,139.732,87.854,3,7,Justin Allgaier,Chv,34,3,5098,1
40,140.53,87.355,3,7,Justin Allgaier,Chv,34,3,5098,1
41,140.764,87.210,3,7,Justin Allgaier,Chv,34,3,5098,1
42,140.958,87.090,3,7,Justin Allgaier,Chv,34,3,5098,1
43,140.857,87.152,3,7,Justin Allgaier,Chv,34,3,5098,1
44,142.087,86.398,3,7,Justin Allgaier,Chv,34,3,5098,1
45,141.151,86.971,3,7,Justin Allgaier,Chv,34,3,5098,1
46,142.157,86.355,3,7,Justin Allgaier,Chv,34,3,5098,4
0,NA,NA,12,5,Kevin Harvick,Frd,1416,4,5098,8
1,147.121,83.442,11,5,Kevin Harvick,Frd,1416,4,5098,1
2,141.228,86.923,11,5,Kevin Harvick,Frd,1416,4,5098,1
3,140.634,87.290,11,5,Kevin Harvick,Frd,1416,4,5098,1
4,140.124,87.608,11,5,Kevin Harvick,Frd,1416,4,5098,1
5,141.394,86.821,10,5,Kevin Harvick,Frd,1416,4,5098,1
6,140.735,87.228,10,5,Kevin Harvick,Frd,1416,4,5098,1
7,140.794,87.191,9,5,Kevin Harvick,Frd,1416,4,5098,1
8,140.403,87.434,9,5,Kevin Harvick,Frd,1416,4,5098,1
9,141.266,86.900,9,5,Kevin Harvick,Frd,1416,4,5098,1
10,141.514,86.748,9,5,Kevin Harvick,Frd,1416,4,5098,1
11,154.685,79.361,9,5,Kevin Harvick,Frd,1416,4,5098,2
12,273.732,44.847,5,5,Kevin Harvick,Frd,1416,4,5098,2
13,261.652,46.917,12,5,Kevin Harvick,Frd,1416,4,5098,1
14,143.096,85.789,7,5,Kevin Harvick,Frd,1416,4,5098,1
15,276.049,44.470,2,5,Kevin Harvick,Frd,1416,4,5098,2
16,290.387,42.275,2,5,Kevin Harvick,Frd,1416,4,5098,2
17,248.819,49.337,2,5,Kevin Harvick,Frd,1416,4,5098,1
18,140.315,87.489,4,5,Kevin Harvick,Frd,1416,4,5098,1
19,138.822,88.430,4,5,Kevin Harvick,Frd,1416,4,5098,1
20,207.339,59.207,4,5,Kevin Harvick,Frd,1416,4,5098,2
21,268.954,45.643,4,5,Kevin Harvick,Frd,1416,4,5098,2
22,257.043,47.759,4,5,Kevin Harvick,Frd,1416,4,5098,1
23,140.82,87.175,4,5,Kevin Harvick,Frd,1416,4,5098,1
24,139.033,88.296,4,5,Kevin Harvick,Frd,1416,4,5098,1
25,139.159,88.216,4,5,Kevin Harvick,Frd,1416,4,5098,1
26,139.953,87.715,4,5,Kevin Harvick,Frd,1416,4,5098,1
27,151.236,81.171,5,5,Kevin Harvick,Frd,1416,4,5098,1
28,167.097,73.466,13,5,Kevin Harvick,Frd,1416,4,5098,1
29,142.051,86.420,9,5,Kevin Harvick,Frd,1416,4,5098,1
30,139.817,87.800,9,5,Kevin Harvick,Frd,1416,4,5098,1
31,280.032,43.838,4,5,Kevin Harvick,Frd,1416,4,5098,2
32,298.631,41.108,4,5,Kevin Harvick,Frd,1416,4,5098,1
33,143.144,85.760,9,5,Kevin Harvick,Frd,1416,4,5098,1
34,140.32,87.486,10,5,Kevin Harvick,Frd,1416,4,5098,1
35,139.262,88.150,10,5,Kevin Harvick,Frd,1416,4,5098,1
36,140.126,87.607,8,5,Kevin Harvick,Frd,1416,4,5098,1
37,139.217,88.179,8,5,Kevin Harvick,Frd,1416,4,5098,1
38,140.104,87.621,7,5,Kevin Harvick,Frd,1416,4,5098,1
39,139.75,87.843,6,5,Kevin Harvick,Frd,1416,4,5098,1
40,140.972,87.081,5,5,Kevin Harvick,Frd,1416,4,5098,1
41,139.836,87.789,5,5,Kevin Harvick,Frd,1416,4,5098,1
42,140.203,87.559,5,5,Kevin Harvick,Frd,1416,4,5098,1
43,140.318,87.487,5,5,Kevin Harvick,Frd,1416,4,5098,1
44,140.542,87.348,4,5,Kevin Harvick,Frd,1416,4,5098,1
45,140.426,87.420,4,5,Kevin Harvick,Frd,1416,4,5098,1
46,141.987,86.459,4,5,Kevin Harvick,Frd,1416,4,5098,4
0,NA,NA,8,22,Austin Cindric,Frd,4180,5,5098,8
1,144.776,84.793,6,22,Austin Cindric,Frd,4180,5,5098,1
2,140.314,87.489,6,22,Austin Cindric,Frd,4180,5,5098,1
3,139.601,87.936,6,22,Austin Cindric,Frd,4180,5,5098,1
4,139.99,87.692,6,22,Austin Cindric,Frd,4180,5,5098,1
5,140.495,87.377,6,22,Austin Cindric,Frd,4180,5,5098,1
6,140.291,87.504,6,22,Austin Cindric,Frd,4180,5,5098,1
7,140.388,87.443,6,22,Austin Cindric,Frd,4180,5,5098,1
8,141.419,86.806,6,22,Austin Cindric,Frd,4180,5,5098,1
9,140.611,87.305,5,22,Austin Cindric,Frd,4180,5,5098,1
10,142.02,86.439,5,22,Austin Cindric,Frd,4180,5,5098,1
11,152.017,80.754,5,22,Austin Cindric,Frd,4180,5,5098,2
12,301.494,40.717,24,22,Austin Cindric,Frd,4180,5,5098,2
13,242.726,50.576,16,22,Austin Cindric,Frd,4180,5,5098,1
14,144.128,85.174,9,22,Austin Cindric,Frd,4180,5,5098,1
15,275.323,44.588,3,22,Austin Cindric,Frd,4180,5,5098,2
16,290.782,42.217,3,22,Austin Cindric,Frd,4180,5,5098,2
17,247.762,49.548,3,22,Austin Cindric,Frd,4180,5,5098,1
18,138.397,88.701,1,22,Austin Cindric,Frd,4180,5,5098,1
19,138.347,88.733,1,22,Austin Cindric,Frd,4180,5,5098,1
20,208.251,58.948,2,22,Austin Cindric,Frd,4180,5,5098,2
21,269.319,45.582,2,22,Austin Cindric,Frd,4180,5,5098,2
22,257.982,47.585,2,22,Austin Cindric,Frd,4180,5,5098,1
23,139.46,88.025,2,22,Austin Cindric,Frd,4180,5,5098,1
24,138.525,88.619,2,22,Austin Cindric,Frd,4180,5,5098,1
25,139.092,88.258,2,22,Austin Cindric,Frd,4180,5,5098,1
26,140.868,87.145,3,22,Austin Cindric,Frd,4180,5,5098,1
27,177.529,69.149,22,22,Austin Cindric,Frd,4180,5,5098,1
28,146.755,83.650,21,22,Austin Cindric,Frd,4180,5,5098,1
29,140.539,87.349,15,22,Austin Cindric,Frd,4180,5,5098,1
30,140.483,87.384,15,22,Austin Cindric,Frd,4180,5,5098,1
31,280.469,43.770,9,22,Austin Cindric,Frd,4180,5,5098,2
32,294.822,41.639,9,22,Austin Cindric,Frd,4180,5,5098,1
33,142.061,86.414,7,22,Austin Cindric,Frd,4180,5,5098,1
34,138.938,88.356,7,22,Austin Cindric,Frd,4180,5,5098,1
35,139.251,88.157,6,22,Austin Cindric,Frd,4180,5,5098,1
36,139.329,88.108,6,22,Austin Cindric,Frd,4180,5,5098,1
37,139.51,87.994,6,22,Austin Cindric,Frd,4180,5,5098,1
38,139.494,88.004,4,22,Austin Cindric,Frd,4180,5,5098,1
39,140.061,87.648,4,22,Austin Cindric,Frd,4180,5,5098,1
40,140.485,87.383,4,22,Austin Cindric,Frd,4180,5,5098,1
41,140.45,87.405,4,22,Austin Cindric,Frd,4180,5,5098,1
42,141.113,86.994,4,22,Austin Cindric,Frd,4180,5,5098,1
43,140.935,87.104,4,22,Austin Cindric,Frd,4180,5,5098,1
44,142.522,86.134,5,22,Austin Cindric,Frd,4180,5,5098,1
45,141.601,86.694,5,22,Austin Cindric,Frd,4180,5,5098,1
46,141.612,86.688,5,22,Austin Cindric,Frd,4180,5,5098,4
0,NA,NA,10,20,Harrison Burton,Tyt,4217,6,5098,8
1,145.898,84.141,9,20,Harrison Burton,Tyt,4217,6,5098,1
2,141.271,86.897,9,20,Harrison Burton,Tyt,4217,6,5098,1
3,140.177,87.575,9,20,Harrison Burton,Tyt,4217,6,5098,1
4,140.823,87.173,9,20,Harrison Burton,Tyt,4217,6,5098,1
5,140.622,87.298,8,20,Harrison Burton,Tyt,4217,6,5098,1
6,140.63,87.293,8,20,Harrison Burton,Tyt,4217,6,5098,1
7,140.839,87.163,8,20,Harrison Burton,Tyt,4217,6,5098,1
8,140.695,87.253,8,20,Harrison Burton,Tyt,4217,6,5098,1
9,142.04,86.426,8,20,Harrison Burton,Tyt,4217,6,5098,1
10,142.027,86.434,8,20,Harrison Burton,Tyt,4217,6,5098,1
11,154.012,79.708,8,20,Harrison Burton,Tyt,4217,6,5098,2
12,274.919,44.653,6,20,Harrison Burton,Tyt,4217,6,5098,2
13,262.072,46.842,17,20,Harrison Burton,Tyt,4217,6,5098,1
14,146.919,83.556,15,20,Harrison Burton,Tyt,4217,6,5098,1
15,276.898,44.334,9,20,Harrison Burton,Tyt,4217,6,5098,2
16,292.06,42.032,8,20,Harrison Burton,Tyt,4217,6,5098,2
17,242.528,50.617,8,20,Harrison Burton,Tyt,4217,6,5098,1
18,143.95,85.280,8,20,Harrison Burton,Tyt,4217,6,5098,1
19,140.912,87.118,9,20,Harrison Burton,Tyt,4217,6,5098,1
20,205.913,59.617,10,20,Harrison Burton,Tyt,4217,6,5098,2
21,269.192,45.603,10,20,Harrison Burton,Tyt,4217,6,5098,2
22,252.495,48.619,10,20,Harrison Burton,Tyt,4217,6,5098,1
23,143.961,85.273,12,20,Harrison Burton,Tyt,4217,6,5098,1
24,139.989,87.693,10,20,Harrison Burton,Tyt,4217,6,5098,1
25,139.198,88.191,9,20,Harrison Burton,Tyt,4217,6,5098,1
26,140.175,87.576,9,20,Harrison Burton,Tyt,4217,6,5098,1
27,152.589,80.451,10,20,Harrison Burton,Tyt,4217,6,5098,1
28,164.275,74.728,18,20,Harrison Burton,Tyt,4217,6,5098,1
29,140.708,87.245,13,20,Harrison Burton,Tyt,4217,6,5098,1
30,140.449,87.405,13,20,Harrison Burton,Tyt,4217,6,5098,1
31,279.588,43.907,7,20,Harrison Burton,Tyt,4217,6,5098,2
32,296.556,41.395,6,20,Harrison Burton,Tyt,4217,6,5098,1
33,142.449,86.178,8,20,Harrison Burton,Tyt,4217,6,5098,1
34,139.39,88.069,8,20,Harrison Burton,Tyt,4217,6,5098,1
35,139.979,87.699,8,20,Harrison Burton,Tyt,4217,6,5098,1
36,140.058,87.649,7,20,Harrison Burton,Tyt,4217,6,5098,1
37,139.587,87.945,7,20,Harrison Burton,Tyt,4217,6,5098,1
38,140.536,87.351,6,20,Harrison Burton,Tyt,4217,6,5098,1
39,140.722,87.236,7,20,Harrison Burton,Tyt,4217,6,5098,1
40,140.583,87.322,7,20,Harrison Burton,Tyt,4217,6,5098,1
41,140.028,87.668,6,20,Harrison Burton,Tyt,4217,6,5098,1
42,140.907,87.121,6,20,Harrison Burton,Tyt,4217,6,5098,1
43,141.196,86.943,6,20,Harrison Burton,Tyt,4217,6,5098,1
44,141.098,87.003,6,20,Harrison Burton,Tyt,4217,6,5098,1
45,140.917,87.115,6,20,Harrison Burton,Tyt,4217,6,5098,1
46,141.628,86.678,6,20,Harrison Burton,Tyt,4217,6,5098,4
0,NA,NA,3,17,Cole Custer,Frd,4104,7,5098,8
1,142.686,86.035,3,17,Cole Custer,Frd,4104,7,5098,1
2,140.355,87.464,3,17,Cole Custer,Frd,4104,7,5098,1
3,141.09,87.008,5,17,Cole Custer,Frd,4104,7,5098,1
4,139.974,87.702,5,17,Cole Custer,Frd,4104,7,5098,1
5,140.232,87.541,5,17,Cole Custer,Frd,4104,7,5098,1
6,140.618,87.300,5,17,Cole Custer,Frd,4104,7,5098,1
7,140.804,87.185,5,17,Cole Custer,Frd,4104,7,5098,1
8,141.305,86.876,4,17,Cole Custer,Frd,4104,7,5098,1
9,140.27,87.517,4,17,Cole Custer,Frd,4104,7,5098,1
10,141.061,87.026,4,17,Cole Custer,Frd,4104,7,5098,1
11,153.011,80.230,4,17,Cole Custer,Frd,4104,7,5098,2
12,303.268,40.479,25,17,Cole Custer,Frd,4104,7,5098,2
13,242.329,50.658,18,17,Cole Custer,Frd,4104,7,5098,1
14,148.336,82.758,19,17,Cole Custer,Frd,4104,7,5098,1
15,277.397,44.254,12,17,Cole Custer,Frd,4104,7,5098,2
16,292.775,41.930,11,17,Cole Custer,Frd,4104,7,5098,2
17,240.238,51.099,12,17,Cole Custer,Frd,4104,7,5098,1
18,144.312,85.066,13,17,Cole Custer,Frd,4104,7,5098,1
19,142.549,86.118,14,17,Cole Custer,Frd,4104,7,5098,1
20,205.363,59.777,13,17,Cole Custer,Frd,4104,7,5098,2
21,268.874,45.657,13,17,Cole Custer,Frd,4104,7,5098,2
22,251.065,48.896,13,17,Cole Custer,Frd,4104,7,5098,1
23,143.255,85.693,11,17,Cole Custer,Frd,4104,7,5098,1
24,143.652,85.457,13,17,Cole Custer,Frd,4104,7,5098,1
25,142.822,85.953,14,17,Cole Custer,Frd,4104,7,5098,1
26,140.333,87.478,13,17,Cole Custer,Frd,4104,7,5098,1
27,140.728,87.232,6,17,Cole Custer,Frd,4104,7,5098,1
28,178.208,68.886,22,17,Cole Custer,Frd,4104,7,5098,1
29,146.703,83.679,23,17,Cole Custer,Frd,4104,7,5098,1
30,141.849,86.543,23,17,Cole Custer,Frd,4104,7,5098,1
31,269.236,45.596,14,17,Cole Custer,Frd,4104,7,5098,2
32,291.204,42.156,13,17,Cole Custer,Frd,4104,7,5098,1
33,142.366,86.228,11,17,Cole Custer,Frd,4104,7,5098,1
34,140.522,87.360,11,17,Cole Custer,Frd,4104,7,5098,1
35,139.368,88.083,11,17,Cole Custer,Frd,4104,7,5098,1
36,140.097,87.625,9,17,Cole Custer,Frd,4104,7,5098,1
37,139.488,88.008,9,17,Cole Custer,Frd,4104,7,5098,1
38,140.06,87.648,8,17,Cole Custer,Frd,4104,7,5098,1
39,140.536,87.351,8,17,Cole Custer,Frd,4104,7,5098,1
40,140.345,87.470,8,17,Cole Custer,Frd,4104,7,5098,1
41,141.866,86.532,7,17,Cole Custer,Frd,4104,7,5098,1
42,140.281,87.510,7,17,Cole Custer,Frd,4104,7,5098,1
43,140.426,87.420,7,17,Cole Custer,Frd,4104,7,5098,1
44,140.714,87.241,7,17,Cole Custer,Frd,4104,7,5098,1
45,141.414,86.809,7,17,Cole Custer,Frd,4104,7,5098,1
46,141.341,86.854,7,17,Cole Custer,Frd,4104,7,5098,4
0,NA,NA,5,31,Tyler Reddick,Chv,4065,8,5098,8
1,145.928,84.124,8,31,Tyler Reddick,Chv,4065,8,5098,1
2,141.328,86.862,8,31,Tyler Reddick,Chv,4065,8,5098,1
3,140.251,87.529,8,31,Tyler Reddick,Chv,4065,8,5098,1
4,140.783,87.198,8,31,Tyler Reddick,Chv,4065,8,5098,1
5,140.462,87.397,7,31,Tyler Reddick,Chv,4065,8,5098,1
6,140.584,87.321,7,31,Tyler Reddick,Chv,4065,8,5098,1
7,140.536,87.351,7,31,Tyler Reddick,Chv,4065,8,5098,1
8,140.516,87.364,7,31,Tyler Reddick,Chv,4065,8,5098,1
9,141.585,86.704,7,31,Tyler Reddick,Chv,4065,8,5098,1
10,142.572,86.104,7,31,Tyler Reddick,Chv,4065,8,5098,1
11,153.221,80.120,7,31,Tyler Reddick,Chv,4065,8,5098,2
12,273.941,44.813,2,31,Tyler Reddick,Chv,4065,8,5098,2
13,263.231,46.636,2,31,Tyler Reddick,Chv,4065,8,5098,1
14,140.701,87.249,2,31,Tyler Reddick,Chv,4065,8,5098,1
15,302.675,40.558,27,31,Tyler Reddick,Chv,4065,8,5098,2
16,289.356,42.425,24,31,Tyler Reddick,Chv,4065,8,5098,2
17,229.037,53.598,23,31,Tyler Reddick,Chv,4065,8,5098,1
18,146.045,84.056,18,31,Tyler Reddick,Chv,4065,8,5098,1
19,140.559,87.337,16,31,Tyler Reddick,Chv,4065,8,5098,1
20,206.223,59.528,16,31,Tyler Reddick,Chv,4065,8,5098,2
21,268.966,45.641,16,31,Tyler Reddick,Chv,4065,8,5098,2
22,249.475,49.207,16,31,Tyler Reddick,Chv,4065,8,5098,1
23,145.919,84.129,15,31,Tyler Reddick,Chv,4065,8,5098,1
24,140.107,87.619,12,31,Tyler Reddick,Chv,4065,8,5098,1
25,140.865,87.147,11,31,Tyler Reddick,Chv,4065,8,5098,1
26,140.377,87.450,11,31,Tyler Reddick,Chv,4065,8,5098,1
27,183.253,66.989,25,31,Tyler Reddick,Chv,4065,8,5098,1
28,150.053,81.811,25,31,Tyler Reddick,Chv,4065,8,5098,1
29,146.539,83.773,24,31,Tyler Reddick,Chv,4065,8,5098,1
30,153.717,79.861,24,31,Tyler Reddick,Chv,4065,8,5098,1
31,246.68,49.765,15,31,Tyler Reddick,Chv,4065,8,5098,2
32,290.3,42.287,14,31,Tyler Reddick,Chv,4065,8,5098,1
33,143.543,85.521,14,31,Tyler Reddick,Chv,4065,8,5098,1
34,140.506,87.370,13,31,Tyler Reddick,Chv,4065,8,5098,1
35,140.162,87.584,13,31,Tyler Reddick,Chv,4065,8,5098,1
36,139.947,87.719,12,31,Tyler Reddick,Chv,4065,8,5098,1
37,140.488,87.381,11,31,Tyler Reddick,Chv,4065,8,5098,1
38,140.585,87.321,9,31,Tyler Reddick,Chv,4065,8,5098,1
39,141.038,87.040,9,31,Tyler Reddick,Chv,4065,8,5098,1
40,141.082,87.013,9,31,Tyler Reddick,Chv,4065,8,5098,1
41,140.621,87.298,9,31,Tyler Reddick,Chv,4065,8,5098,1
42,140.54,87.349,9,31,Tyler Reddick,Chv,4065,8,5098,1
43,141.158,86.966,8,31,Tyler Reddick,Chv,4065,8,5098,1
44,141.768,86.592,8,31,Tyler Reddick,Chv,4065,8,5098,1
45,141.675,86.649,8,31,Tyler Reddick,Chv,4065,8,5098,1
46,142.083,86.400,8,31,Tyler Reddick,Chv,4065,8,5098,4
0,NA,NA,6,11,Justin Haley,Chv,4172,9,5098,8
1,143.417,85.597,5,11,Justin Haley,Chv,4172,9,5098,1
2,139.555,87.965,5,11,Justin Haley,Chv,4172,9,5098,1
3,139.278,88.140,4,11,Justin Haley,Chv,4172,9,5098,1
4,139.627,87.920,4,11,Justin Haley,Chv,4172,9,5098,1
5,140.243,87.534,4,11,Justin Haley,Chv,4172,9,5098,1
6,140.672,87.267,4,11,Justin Haley,Chv,4172,9,5098,1
7,141.542,86.730,4,11,Justin Haley,Chv,4172,9,5098,1
8,142.797,85.968,5,11,Justin Haley,Chv,4172,9,5098,1
9,142.122,86.376,6,11,Justin Haley,Chv,4172,9,5098,1
10,142.48,86.159,6,11,Justin Haley,Chv,4172,9,5098,1
11,153.385,80.034,6,11,Justin Haley,Chv,4172,9,5098,2
12,296.394,41.418,21,11,Justin Haley,Chv,4172,9,5098,2
13,255.411,48.064,33,11,Justin Haley,Chv,4172,9,5098,1
14,191.505,64.103,32,11,Justin Haley,Chv,4172,9,5098,1
15,230.142,53.341,21,11,Justin Haley,Chv,4172,9,5098,2
16,293.363,41.846,18,11,Justin Haley,Chv,4172,9,5098,2
17,234.007,52.460,17,11,Justin Haley,Chv,4172,9,5098,1
18,143.207,85.722,11,11,Justin Haley,Chv,4172,9,5098,1
19,139.287,88.135,8,11,Justin Haley,Chv,4172,9,5098,1
20,205.569,59.717,8,11,Justin Haley,Chv,4172,9,5098,2
21,268.99,45.637,8,11,Justin Haley,Chv,4172,9,5098,2
22,254.131,48.306,7,11,Justin Haley,Chv,4172,9,5098,1
23,142.823,85.953,9,11,Justin Haley,Chv,4172,9,5098,1
24,139.636,87.914,9,11,Justin Haley,Chv,4172,9,5098,1
25,140.072,87.641,8,11,Justin Haley,Chv,4172,9,5098,1
26,139.933,87.728,8,11,Justin Haley,Chv,4172,9,5098,1
27,142.246,86.301,4,11,Justin Haley,Chv,4172,9,5098,1
28,141.455,86.784,1,11,Justin Haley,Chv,4172,9,5098,1
29,140.465,87.395,1,11,Justin Haley,Chv,4172,9,5098,1
30,142.684,86.036,1,11,Justin Haley,Chv,4172,9,5098,1
31,329.158,37.295,19,11,Justin Haley,Chv,4172,9,5098,2
32,280.54,43.758,19,11,Justin Haley,Chv,4172,9,5098,1
33,144.96,84.685,19,11,Justin Haley,Chv,4172,9,5098,1
34,139.944,87.721,17,11,Justin Haley,Chv,4172,9,5098,1
35,140.386,87.445,16,11,Justin Haley,Chv,4172,9,5098,1
36,140.065,87.645,14,11,Justin Haley,Chv,4172,9,5098,1
37,139.712,87.866,13,11,Justin Haley,Chv,4172,9,5098,1
38,141.649,86.665,11,11,Justin Haley,Chv,4172,9,5098,1
39,141.182,86.952,10,11,Justin Haley,Chv,4172,9,5098,1
40,139.72,87.861,10,11,Justin Haley,Chv,4172,9,5098,1
41,140.579,87.325,10,11,Justin Haley,Chv,4172,9,5098,1
42,140.985,87.073,10,11,Justin Haley,Chv,4172,9,5098,1
43,141.112,86.995,10,11,Justin Haley,Chv,4172,9,5098,1
44,142.711,86.020,9,11,Justin Haley,Chv,4172,9,5098,1
45,141.707,86.629,9,11,Justin Haley,Chv,4172,9,5098,1
46,141.834,86.552,9,11,Justin Haley,Chv,4172,9,5098,4
0,NA,NA,11,10,Jeb Burton,Chv,4018,10,5098,8
1,146.03,84.065,10,10,Jeb Burton,Chv,4018,10,5098,1
2,141.286,86.888,10,10,Jeb Burton,Chv,4018,10,5098,1
3,140.512,87.366,10,10,Jeb Burton,Chv,4018,10,5098,1
4,140.694,87.253,10,10,Jeb Burton,Chv,4018,10,5098,1
5,142.474,86.163,11,10,Jeb Burton,Chv,4018,10,5098,1
6,141.123,86.988,11,10,Jeb Burton,Chv,4018,10,5098,1
7,142.04,86.426,11,10,Jeb Burton,Chv,4018,10,5098,1
8,141.688,86.641,10,10,Jeb Burton,Chv,4018,10,5098,1
9,141.172,86.958,10,10,Jeb Burton,Chv,4018,10,5098,1
10,141.313,86.871,10,10,Jeb Burton,Chv,4018,10,5098,1
11,154.397,79.509,10,10,Jeb Burton,Chv,4018,10,5098,2
12,289.666,42.380,23,10,Jeb Burton,Chv,4018,10,5098,2
13,243.151,50.487,14,10,Jeb Burton,Chv,4018,10,5098,1
14,146.707,83.677,14,10,Jeb Burton,Chv,4018,10,5098,1
15,276.764,44.355,8,10,Jeb Burton,Chv,4018,10,5098,2
16,291.827,42.066,7,10,Jeb Burton,Chv,4018,10,5098,2
17,243.347,50.446,7,10,Jeb Burton,Chv,4018,10,5098,1
18,141.46,86.781,6,10,Jeb Burton,Chv,4018,10,5098,1
19,139.377,88.078,6,10,Jeb Burton,Chv,4018,10,5098,1
20,206.76,59.373,6,10,Jeb Burton,Chv,4018,10,5098,2
21,269.15,45.610,6,10,Jeb Burton,Chv,4018,10,5098,2
22,255.405,48.065,6,10,Jeb Burton,Chv,4018,10,5098,1
23,141.339,86.855,5,10,Jeb Burton,Chv,4018,10,5098,1
24,139.338,88.102,5,10,Jeb Burton,Chv,4018,10,5098,1
25,140.467,87.394,5,10,Jeb Burton,Chv,4018,10,5098,1
26,140.456,87.401,5,10,Jeb Burton,Chv,4018,10,5098,1
27,170.357,72.060,16,10,Jeb Burton,Chv,4018,10,5098,1
28,147.518,83.217,16,10,Jeb Burton,Chv,4018,10,5098,1
29,141.314,86.870,12,10,Jeb Burton,Chv,4018,10,5098,1
30,140.737,87.227,12,10,Jeb Burton,Chv,4018,10,5098,1
31,279.046,43.993,6,10,Jeb Burton,Chv,4018,10,5098,2
32,297.438,41.272,7,10,Jeb Burton,Chv,4018,10,5098,1
33,140.295,87.501,5,10,Jeb Burton,Chv,4018,10,5098,1
34,139.682,87.885,5,10,Jeb Burton,Chv,4018,10,5098,1
35,139.365,88.085,5,10,Jeb Burton,Chv,4018,10,5098,1
36,139.846,87.782,5,10,Jeb Burton,Chv,4018,10,5098,1
37,139.437,88.040,5,10,Jeb Burton,Chv,4018,10,5098,1
38,141.109,86.997,5,10,Jeb Burton,Chv,4018,10,5098,1
39,141.386,86.826,5,10,Jeb Burton,Chv,4018,10,5098,1
40,141.895,86.515,6,10,Jeb Burton,Chv,4018,10,5098,1
41,142.694,86.030,8,10,Jeb Burton,Chv,4018,10,5098,1
42,142.245,86.302,8,10,Jeb Burton,Chv,4018,10,5098,1
43,142.95,85.876,9,10,Jeb Burton,Chv,4018,10,5098,1
44,143.725,85.413,10,10,Jeb Burton,Chv,4018,10,5098,1
45,143.289,85.673,10,10,Jeb Burton,Chv,4018,10,5098,1
46,141.759,86.598,10,10,Jeb Burton,Chv,4018,10,5098,4
0,NA,NA,35,1,Michael Annett,Chv,3861,11,5098,8
1,152.636,80.427,29,1,Michael Annett,Chv,3861,11,5098,1
2,144.037,85.228,28,1,Michael Annett,Chv,3861,11,5098,1
3,142.727,86.010,25,1,Michael Annett,Chv,3861,11,5098,1
4,141.566,86.716,25,1,Michael Annett,Chv,3861,11,5098,1
5,141.556,86.722,25,1,Michael Annett,Chv,3861,11,5098,1
6,142.288,86.276,25,1,Michael Annett,Chv,3861,11,5098,1
7,141.68,86.646,24,1,Michael Annett,Chv,3861,11,5098,1
8,141.817,86.562,24,1,Michael Annett,Chv,3861,11,5098,1
9,142.355,86.235,23,1,Michael Annett,Chv,3861,11,5098,1
10,141.65,86.664,22,1,Michael Annett,Chv,3861,11,5098,1
11,159.879,76.783,21,1,Michael Annett,Chv,3861,11,5098,2
12,272.781,45.003,28,1,Michael Annett,Chv,3861,11,5098,2
13,239.032,51.357,21,1,Michael Annett,Chv,3861,11,5098,1
14,147.685,83.123,18,1,Michael Annett,Chv,3861,11,5098,1
15,277.229,44.281,11,1,Michael Annett,Chv,3861,11,5098,2
16,292.425,41.980,10,1,Michael Annett,Chv,3861,11,5098,2
17,240.817,50.976,10,1,Michael Annett,Chv,3861,11,5098,1
18,143.908,85.305,10,1,Michael Annett,Chv,3861,11,5098,1
19,143.067,85.806,13,1,Michael Annett,Chv,3861,11,5098,1
20,206.148,59.549,14,1,Michael Annett,Chv,3861,11,5098,2
21,268.689,45.689,14,1,Michael Annett,Chv,3861,11,5098,2
22,250.868,48.934,14,1,Michael Annett,Chv,3861,11,5098,1
23,146.619,83.727,16,1,Michael Annett,Chv,3861,11,5098,1
24,141.548,86.727,16,1,Michael Annett,Chv,3861,11,5098,1
25,141.733,86.614,15,1,Michael Annett,Chv,3861,11,5098,1
26,140.379,87.449,14,1,Michael Annett,Chv,3861,11,5098,1
27,141.48,86.768,7,1,Michael Annett,Chv,3861,11,5098,1
28,141.129,86.984,2,1,Michael Annett,Chv,3861,11,5098,1
29,142.143,86.364,2,1,Michael Annett,Chv,3861,11,5098,1
30,142.548,86.118,2,1,Michael Annett,Chv,3861,11,5098,1
31,316.625,38.771,18,1,Michael Annett,Chv,3861,11,5098,2
32,283.992,43.227,17,1,Michael Annett,Chv,3861,11,5098,1
33,143.752,85.397,15,1,Michael Annett,Chv,3861,11,5098,1
34,140.566,87.333,15,1,Michael Annett,Chv,3861,11,5098,1
35,140.584,87.321,14,1,Michael Annett,Chv,3861,11,5098,1
36,140.963,87.087,15,1,Michael Annett,Chv,3861,11,5098,1
37,140.796,87.190,15,1,Michael Annett,Chv,3861,11,5098,1
38,141.047,87.035,13,1,Michael Annett,Chv,3861,11,5098,1
39,141.821,86.560,12,1,Michael Annett,Chv,3861,11,5098,1
40,141.496,86.759,12,1,Michael Annett,Chv,3861,11,5098,1
41,141.019,87.052,11,1,Michael Annett,Chv,3861,11,5098,1
42,141.706,86.630,11,1,Michael Annett,Chv,3861,11,5098,1
43,143.15,85.756,11,1,Michael Annett,Chv,3861,11,5098,1
44,141.682,86.645,11,1,Michael Annett,Chv,3861,11,5098,1
45,141.945,86.484,11,1,Michael Annett,Chv,3861,11,5098,1
46,142.766,85.987,11,1,Michael Annett,Chv,3861,11,5098,4
0,NA,NA,21,02,Brett Moffitt,Chv,4038,12,5098,8
1,148.741,82.533,16,02,Brett Moffitt,Chv,4038,12,5098,1
2,142.363,86.230,16,02,Brett Moffitt,Chv,4038,12,5098,1
3,141.021,87.051,16,02,Brett Moffitt,Chv,4038,12,5098,1
4,141.324,86.864,16,02,Brett Moffitt,Chv,4038,12,5098,1
5,141.287,86.887,16,02,Brett Moffitt,Chv,4038,12,5098,1
6,142.337,86.246,17,02,Brett Moffitt,Chv,4038,12,5098,1
7,143.357,85.632,16,02,Brett Moffitt,Chv,4038,12,5098,1
8,141.992,86.456,16,02,Brett Moffitt,Chv,4038,12,5098,1
9,141.381,86.829,16,02,Brett Moffitt,Chv,4038,12,5098,1
10,142.292,86.273,16,02,Brett Moffitt,Chv,4038,12,5098,1
11,157.766,77.811,16,02,Brett Moffitt,Chv,4038,12,5098,2
12,281.198,43.656,26,02,Brett Moffitt,Chv,4038,12,5098,2
13,240.157,51.117,19,02,Brett Moffitt,Chv,4038,12,5098,1
14,148.85,82.472,20,02,Brett Moffitt,Chv,4038,12,5098,1
15,277.394,44.255,14,02,Brett Moffitt,Chv,4038,12,5098,2
16,293.062,41.889,12,02,Brett Moffitt,Chv,4038,12,5098,2
17,239.214,51.318,11,02,Brett Moffitt,Chv,4038,12,5098,1
18,146.205,83.964,15,02,Brett Moffitt,Chv,4038,12,5098,1
19,141.25,86.910,15,02,Brett Moffitt,Chv,4038,12,5098,1
20,206.071,59.572,15,02,Brett Moffitt,Chv,4038,12,5098,2
21,269.014,45.633,15,02,Brett Moffitt,Chv,4038,12,5098,2
22,249.991,49.106,15,02,Brett Moffitt,Chv,4038,12,5098,1
23,145.798,84.199,14,02,Brett Moffitt,Chv,4038,12,5098,1
24,141.381,86.829,14,02,Brett Moffitt,Chv,4038,12,5098,1
25,140.922,87.112,12,02,Brett Moffitt,Chv,4038,12,5098,1
26,173.111,70.914,29,02,Brett Moffitt,Chv,4038,12,5098,1
27,150.768,81.423,27,02,Brett Moffitt,Chv,4038,12,5098,1
28,141.16,86.965,24,02,Brett Moffitt,Chv,4038,12,5098,1
29,140.607,87.307,21,02,Brett Moffitt,Chv,4038,12,5098,1
30,141.32,86.867,20,02,Brett Moffitt,Chv,4038,12,5098,1
31,268.164,45.778,10,02,Brett Moffitt,Chv,4038,12,5098,2
32,294.167,41.731,10,02,Brett Moffitt,Chv,4038,12,5098,1
33,142.58,86.099,10,02,Brett Moffitt,Chv,4038,12,5098,1
34,139.86,87.773,9,02,Brett Moffitt,Chv,4038,12,5098,1
35,139.339,88.102,9,02,Brett Moffitt,Chv,4038,12,5098,1
36,141.217,86.930,11,02,Brett Moffitt,Chv,4038,12,5098,1
37,142.544,86.121,12,02,Brett Moffitt,Chv,4038,12,5098,1
38,142.467,86.167,12,02,Brett Moffitt,Chv,4038,12,5098,1
39,142.865,85.927,13,02,Brett Moffitt,Chv,4038,12,5098,1
40,141.568,86.715,13,02,Brett Moffitt,Chv,4038,12,5098,1
41,144.302,85.072,12,02,Brett Moffitt,Chv,4038,12,5098,1
42,141.337,86.856,12,02,Brett Moffitt,Chv,4038,12,5098,1
43,143.457,85.573,12,02,Brett Moffitt,Chv,4038,12,5098,1
44,141.327,86.862,12,02,Brett Moffitt,Chv,4038,12,5098,1
45,141.763,86.595,12,02,Brett Moffitt,Chv,4038,12,5098,1
46,142.153,86.358,12,02,Brett Moffitt,Chv,4038,12,5098,4
0,NA,NA,17,77,Austin Dillon,Chv,3873,13,5098,8
1,150.405,81.620,20,77,Austin Dillon,Chv,3873,13,5098,1
2,143.999,85.251,21,77,Austin Dillon,Chv,3873,13,5098,1
3,143.441,85.582,22,77,Austin Dillon,Chv,3873,13,5098,1
4,142.116,86.380,22,77,Austin Dillon,Chv,3873,13,5098,1
5,141.092,87.007,22,77,Austin Dillon,Chv,3873,13,5098,1
6,141.557,86.721,22,77,Austin Dillon,Chv,3873,13,5098,1
7,142.161,86.353,21,77,Austin Dillon,Chv,3873,13,5098,1
8,142.479,86.160,21,77,Austin Dillon,Chv,3873,13,5098,1
9,142.875,85.921,20,77,Austin Dillon,Chv,3873,13,5098,1
10,141.59,86.701,18,77,Austin Dillon,Chv,3873,13,5098,1
11,155.397,78.998,18,77,Austin Dillon,Chv,3873,13,5098,2
12,256.562,47.848,7,77,Austin Dillon,Chv,3873,13,5098,2
13,260.433,47.137,6,77,Austin Dillon,Chv,3873,13,5098,1
14,144.87,84.738,8,77,Austin Dillon,Chv,3873,13,5098,1
15,299.345,41.010,28,77,Austin Dillon,Chv,3873,13,5098,2
16,289.181,42.451,25,77,Austin Dillon,Chv,3873,13,5098,2
17,227.962,53.851,24,77,Austin Dillon,Chv,3873,13,5098,1
18,148.54,82.644,24,77,Austin Dillon,Chv,3873,13,5098,1
19,141.786,86.581,24,77,Austin Dillon,Chv,3873,13,5098,1
20,207.13,59.267,22,77,Austin Dillon,Chv,3873,13,5098,2
21,270.307,45.415,24,77,Austin Dillon,Chv,3873,13,5098,2
22,244.152,50.280,22,77,Austin Dillon,Chv,3873,13,5098,1
23,147.79,83.064,24,77,Austin Dillon,Chv,3873,13,5098,1
24,142.98,85.858,21,77,Austin Dillon,Chv,3873,13,5098,1
25,142.657,86.053,20,77,Austin Dillon,Chv,3873,13,5098,1
26,141.28,86.891,19,77,Austin Dillon,Chv,3873,13,5098,1
27,140.871,87.144,11,77,Austin Dillon,Chv,3873,13,5098,1
28,140.789,87.194,5,77,Austin Dillon,Chv,3873,13,5098,1
29,140.979,87.077,4,77,Austin Dillon,Chv,3873,13,5098,1
30,141.53,86.738,4,77,Austin Dillon,Chv,3873,13,5098,1
31,321.05,38.237,22,77,Austin Dillon,Chv,3873,13,5098,2
32,277.573,44.226,18,77,Austin Dillon,Chv,3873,13,5098,1
33,144.278,85.086,17,77,Austin Dillon,Chv,3873,13,5098,1
34,141.228,86.923,18,77,Austin Dillon,Chv,3873,13,5098,1
35,140.917,87.115,17,77,Austin Dillon,Chv,3873,13,5098,1
36,140.33,87.480,16,77,Austin Dillon,Chv,3873,13,5098,1
37,140.382,87.447,16,77,Austin Dillon,Chv,3873,13,5098,1
38,141.593,86.699,15,77,Austin Dillon,Chv,3873,13,5098,1
39,143.79,85.375,16,77,Austin Dillon,Chv,3873,13,5098,1
40,142.252,86.298,15,77,Austin Dillon,Chv,3873,13,5098,1
41,142.283,86.279,15,77,Austin Dillon,Chv,3873,13,5098,1
42,142.72,86.015,13,77,Austin Dillon,Chv,3873,13,5098,1
43,142.474,86.163,13,77,Austin Dillon,Chv,3873,13,5098,1
44,141.393,86.822,13,77,Austin Dillon,Chv,3873,13,5098,1
45,141.58,86.707,13,77,Austin Dillon,Chv,3873,13,5098,1
46,142.563,86.109,13,77,Austin Dillon,Chv,3873,13,5098,4
0,NA,NA,22,91,Preston Pardus,Chv,4317,14,5098,8
1,151.956,80.787,24,91,Preston Pardus,Chv,4317,14,5098,1
2,144.352,85.042,25,91,Preston Pardus,Chv,4317,14,5098,1
3,143.289,85.673,24,91,Preston Pardus,Chv,4317,14,5098,1
4,141.68,86.646,24,91,Preston Pardus,Chv,4317,14,5098,1
5,142.142,86.364,24,91,Preston Pardus,Chv,4317,14,5098,1
6,141.747,86.605,24,91,Preston Pardus,Chv,4317,14,5098,1
7,141.902,86.510,23,91,Preston Pardus,Chv,4317,14,5098,1
8,142.208,86.324,23,91,Preston Pardus,Chv,4317,14,5098,1
9,142.475,86.162,22,91,Preston Pardus,Chv,4317,14,5098,1
10,141.603,86.693,21,91,Preston Pardus,Chv,4317,14,5098,1
11,158.186,77.605,20,91,Preston Pardus,Chv,4317,14,5098,2
12,279.514,43.919,30,91,Preston Pardus,Chv,4317,14,5098,2
13,234.81,52.281,25,91,Preston Pardus,Chv,4317,14,5098,1
14,150.671,81.476,24,91,Preston Pardus,Chv,4317,14,5098,1
15,276.949,44.326,16,91,Preston Pardus,Chv,4317,14,5098,2
16,293.655,41.804,14,91,Preston Pardus,Chv,4317,14,5098,2
17,236.884,51.823,13,91,Preston Pardus,Chv,4317,14,5098,1
18,146.333,83.891,17,91,Preston Pardus,Chv,4317,14,5098,1
19,142.529,86.130,19,91,Preston Pardus,Chv,4317,14,5098,1
20,207.653,59.118,19,91,Preston Pardus,Chv,4317,14,5098,2
21,269.541,45.544,19,91,Preston Pardus,Chv,4317,14,5098,2
22,246.587,49.784,18,91,Preston Pardus,Chv,4317,14,5098,1
23,147.281,83.351,20,91,Preston Pardus,Chv,4317,14,5098,1
24,141.593,86.699,17,91,Preston Pardus,Chv,4317,14,5098,1
25,141.036,87.042,16,91,Preston Pardus,Chv,4317,14,5098,1
26,140.511,87.367,15,91,Preston Pardus,Chv,4317,14,5098,1
27,178.93,68.608,24,91,Preston Pardus,Chv,4317,14,5098,1
28,152.442,80.529,26,91,Preston Pardus,Chv,4317,14,5098,1
29,147.222,83.384,25,91,Preston Pardus,Chv,4317,14,5098,1
30,153.076,80.195,25,91,Preston Pardus,Chv,4317,14,5098,1
31,272.999,44.967,25,91,Preston Pardus,Chv,4317,14,5098,2
32,263.405,46.605,23,91,Preston Pardus,Chv,4317,14,5098,1
33,146.392,83.857,22,91,Preston Pardus,Chv,4317,14,5098,1
34,141.019,87.052,22,91,Preston Pardus,Chv,4317,14,5098,1
35,141.057,87.029,21,91,Preston Pardus,Chv,4317,14,5098,1
36,141.23,86.922,20,91,Preston Pardus,Chv,4317,14,5098,1
37,141.57,86.713,21,91,Preston Pardus,Chv,4317,14,5098,1
38,140.844,87.160,20,91,Preston Pardus,Chv,4317,14,5098,1
39,142.895,85.909,20,91,Preston Pardus,Chv,4317,14,5098,1
40,141.358,86.843,18,91,Preston Pardus,Chv,4317,14,5098,1
41,142.854,85.934,17,91,Preston Pardus,Chv,4317,14,5098,1
42,141.84,86.548,15,91,Preston Pardus,Chv,4317,14,5098,1
43,141.85,86.542,14,91,Preston Pardus,Chv,4317,14,5098,1
44,141.061,87.026,14,91,Preston Pardus,Chv,4317,14,5098,1
45,141.298,86.880,14,91,Preston Pardus,Chv,4317,14,5098,1
46,142.906,85.903,14,91,Preston Pardus,Chv,4317,14,5098,4
0,NA,NA,18,48,Jade Buford,Chv,4346,15,5098,8
1,150.259,81.699,19,48,Jade Buford,Chv,4346,15,5098,1
2,143.469,85.566,19,48,Jade Buford,Chv,4346,15,5098,1
3,142.879,85.919,21,48,Jade Buford,Chv,4346,15,5098,1
4,141.576,86.710,21,48,Jade Buford,Chv,4346,15,5098,1
5,141.462,86.779,21,48,Jade Buford,Chv,4346,15,5098,1
6,141.588,86.702,21,48,Jade Buford,Chv,4346,15,5098,1
7,142.922,85.893,20,48,Jade Buford,Chv,4346,15,5098,1
8,143.157,85.752,20,48,Jade Buford,Chv,4346,15,5098,1
9,143.464,85.569,21,48,Jade Buford,Chv,4346,15,5098,1
10,142.418,86.197,20,48,Jade Buford,Chv,4346,15,5098,1
11,162.091,75.735,22,48,Jade Buford,Chv,4346,15,5098,2
12,289.198,42.448,32,48,Jade Buford,Chv,4346,15,5098,2
13,222.644,55.137,27,48,Jade Buford,Chv,4346,15,5098,1
14,154.267,79.576,27,48,Jade Buford,Chv,4346,15,5098,1
15,275.233,44.602,20,48,Jade Buford,Chv,4346,15,5098,2
16,293.584,41.814,17,48,Jade Buford,Chv,4346,15,5098,2
17,234.744,52.295,18,48,Jade Buford,Chv,4346,15,5098,1
18,145.51,84.365,16,48,Jade Buford,Chv,4346,15,5098,1
19,142.374,86.224,17,48,Jade Buford,Chv,4346,15,5098,1
20,207.13,59.267,18,48,Jade Buford,Chv,4346,15,5098,2
21,269.274,45.589,18,48,Jade Buford,Chv,4346,15,5098,2
22,247.82,49.536,19,48,Jade Buford,Chv,4346,15,5098,1
23,146.742,83.657,18,48,Jade Buford,Chv,4346,15,5098,1
24,143.643,85.462,20,48,Jade Buford,Chv,4346,15,5098,1
25,141.676,86.648,19,48,Jade Buford,Chv,4346,15,5098,1
26,140.913,87.118,18,48,Jade Buford,Chv,4346,15,5098,1
27,141.314,86.870,9,48,Jade Buford,Chv,4346,15,5098,1
28,141.228,86.923,4,48,Jade Buford,Chv,4346,15,5098,1
29,141.352,86.847,3,48,Jade Buford,Chv,4346,15,5098,1
30,141.981,86.462,3,48,Jade Buford,Chv,4346,15,5098,1
31,319.966,38.367,21,48,Jade Buford,Chv,4346,15,5098,2
32,279.28,43.956,20,48,Jade Buford,Chv,4346,15,5098,1
33,146.284,83.919,21,48,Jade Buford,Chv,4346,15,5098,1
34,141.015,87.055,21,48,Jade Buford,Chv,4346,15,5098,1
35,141.912,86.504,22,48,Jade Buford,Chv,4346,15,5098,1
36,141.036,87.042,21,48,Jade Buford,Chv,4346,15,5098,1
37,140.481,87.385,20,48,Jade Buford,Chv,4346,15,5098,1
38,141.228,86.923,19,48,Jade Buford,Chv,4346,15,5098,1
39,142.715,86.018,18,48,Jade Buford,Chv,4346,15,5098,1
40,141.379,86.830,17,48,Jade Buford,Chv,4346,15,5098,1
41,142.449,86.178,16,48,Jade Buford,Chv,4346,15,5098,1
42,142.411,86.201,14,48,Jade Buford,Chv,4346,15,5098,1
43,143.269,85.685,15,48,Jade Buford,Chv,4346,15,5098,1
44,142.042,86.425,15,48,Jade Buford,Chv,4346,15,5098,1
45,142.448,86.179,15,48,Jade Buford,Chv,4346,15,5098,1
46,142.953,85.874,15,48,Jade Buford,Chv,4346,15,5098,4
0,NA,NA,29,98,Riley Herbst,Frd,4269,16,5098,8
1,149.658,82.027,21,98,Riley Herbst,Frd,4269,16,5098,1
2,144.178,85.145,22,98,Riley Herbst,Frd,4269,16,5098,1
3,141.586,86.703,20,98,Riley Herbst,Frd,4269,16,5098,1
4,140.175,87.576,20,98,Riley Herbst,Frd,4269,16,5098,1
5,142.117,86.380,20,98,Riley Herbst,Frd,4269,16,5098,1
6,140.691,87.255,19,98,Riley Herbst,Frd,4269,16,5098,1
7,142.727,86.010,17,98,Riley Herbst,Frd,4269,16,5098,1
8,143.466,85.567,18,98,Riley Herbst,Frd,4269,16,5098,1
9,144.081,85.202,19,98,Riley Herbst,Frd,4269,16,5098,1
10,172.866,71.015,31,98,Riley Herbst,Frd,4269,16,5098,1
11,176.982,69.363,30,98,Riley Herbst,Frd,4269,16,5098,2
12,211.201,58.125,15,98,Riley Herbst,Frd,4269,16,5098,2
13,253.702,48.387,9,98,Riley Herbst,Frd,4269,16,5098,1
14,145.27,84.505,11,98,Riley Herbst,Frd,4269,16,5098,1
15,276.366,44.419,5,98,Riley Herbst,Frd,4269,16,5098,2
16,291.781,42.073,5,98,Riley Herbst,Frd,4269,16,5098,2
17,245.615,49.981,5,98,Riley Herbst,Frd,4269,16,5098,1
18,144.179,85.144,9,98,Riley Herbst,Frd,4269,16,5098,1
19,142.128,86.373,11,98,Riley Herbst,Frd,4269,16,5098,1
20,205.594,59.710,11,98,Riley Herbst,Frd,4269,16,5098,2
21,268.754,45.677,11,98,Riley Herbst,Frd,4269,16,5098,2
22,252.163,48.683,12,98,Riley Herbst,Frd,4269,16,5098,1
23,143.174,85.742,10,98,Riley Herbst,Frd,4269,16,5098,1
24,154.642,79.383,30,98,Riley Herbst,Frd,4269,16,5098,1
25,141.969,86.470,24,98,Riley Herbst,Frd,4269,16,5098,1
26,141.326,86.863,22,98,Riley Herbst,Frd,4269,16,5098,1
27,171.241,71.688,28,98,Riley Herbst,Frd,4269,16,5098,1
28,151.226,81.177,27,98,Riley Herbst,Frd,4269,16,5098,1
29,148.249,82.807,26,98,Riley Herbst,Frd,4269,16,5098,1
30,154.399,79.508,26,98,Riley Herbst,Frd,4269,16,5098,1
31,257.718,47.633,23,98,Riley Herbst,Frd,4269,16,5098,2
32,275.12,44.621,22,98,Riley Herbst,Frd,4269,16,5098,1
33,146.102,84.023,20,98,Riley Herbst,Frd,4269,16,5098,1
34,139.952,87.716,19,98,Riley Herbst,Frd,4269,16,5098,1
35,140.157,87.587,19,98,Riley Herbst,Frd,4269,16,5098,1
36,140.785,87.197,17,98,Riley Herbst,Frd,4269,16,5098,1
37,141.167,86.961,17,98,Riley Herbst,Frd,4269,16,5098,1
38,140.364,87.458,16,98,Riley Herbst,Frd,4269,16,5098,1
39,142.633,86.067,14,98,Riley Herbst,Frd,4269,16,5098,1
40,140.275,87.514,14,98,Riley Herbst,Frd,4269,16,5098,1
41,144.197,85.134,14,98,Riley Herbst,Frd,4269,16,5098,1
42,150.014,81.832,17,98,Riley Herbst,Frd,4269,16,5098,1
43,140.914,87.117,17,98,Riley Herbst,Frd,4269,16,5098,1
44,142.806,85.963,16,98,Riley Herbst,Frd,4269,16,5098,1
45,141.275,86.894,16,98,Riley Herbst,Frd,4269,16,5098,1
46,141.451,86.786,16,98,Riley Herbst,Frd,4269,16,5098,4
0,NA,NA,19,19,Brandon Jones,Tyt,4085,17,5098,8
1,149.083,82.343,17,19,Brandon Jones,Tyt,4085,17,5098,1
2,143.263,85.689,18,19,Brandon Jones,Tyt,4085,17,5098,1
3,141.485,86.765,18,19,Brandon Jones,Tyt,4085,17,5098,1
4,141.6,86.695,18,19,Brandon Jones,Tyt,4085,17,5098,1
5,142.413,86.200,19,19,Brandon Jones,Tyt,4085,17,5098,1
6,141.916,86.502,20,19,Brandon Jones,Tyt,4085,17,5098,1
7,142.535,86.126,18,19,Brandon Jones,Tyt,4085,17,5098,1
8,142.358,86.233,17,19,Brandon Jones,Tyt,4085,17,5098,1
9,141.957,86.477,17,19,Brandon Jones,Tyt,4085,17,5098,1
10,141.422,86.804,17,19,Brandon Jones,Tyt,4085,17,5098,1
11,157.639,77.874,17,19,Brandon Jones,Tyt,4085,17,5098,2
12,256.581,47.845,4,19,Brandon Jones,Tyt,4085,17,5098,2
13,261.389,46.964,3,19,Brandon Jones,Tyt,4085,17,5098,1
14,140.833,87.167,3,19,Brandon Jones,Tyt,4085,17,5098,1
15,293.383,41.843,22,19,Brandon Jones,Tyt,4085,17,5098,2
16,293.394,41.841,19,19,Brandon Jones,Tyt,4085,17,5098,2
17,233.629,52.545,20,19,Brandon Jones,Tyt,4085,17,5098,1
18,256.857,47.793,32,19,Brandon Jones,Tyt,4085,17,5098,1
19,159.993,76.728,32,19,Brandon Jones,Tyt,4085,17,5098,1
20,301.729,40.686,32,19,Brandon Jones,Tyt,4085,17,5098,2
21,154.974,79.213,30,19,Brandon Jones,Tyt,4085,17,5098,2
22,143.628,85.471,30,19,Brandon Jones,Tyt,4085,17,5098,1
23,143.607,85.483,25,19,Brandon Jones,Tyt,4085,17,5098,1
24,143.911,85.303,22,19,Brandon Jones,Tyt,4085,17,5098,1
25,142.095,86.393,21,19,Brandon Jones,Tyt,4085,17,5098,1
26,142.364,86.230,20,19,Brandon Jones,Tyt,4085,17,5098,1
27,145.375,84.444,13,19,Brandon Jones,Tyt,4085,17,5098,1
28,144.525,84.940,10,19,Brandon Jones,Tyt,4085,17,5098,1
29,154.106,79.659,16,19,Brandon Jones,Tyt,4085,17,5098,1
30,145.539,84.349,16,19,Brandon Jones,Tyt,4085,17,5098,1
31,420.013,29.228,29,19,Brandon Jones,Tyt,4085,17,5098,2
32,155.788,78.799,28,19,Brandon Jones,Tyt,4085,17,5098,1
33,144.638,84.874,25,19,Brandon Jones,Tyt,4085,17,5098,1
34,142.054,86.418,26,19,Brandon Jones,Tyt,4085,17,5098,1
35,141.126,86.986,23,19,Brandon Jones,Tyt,4085,17,5098,1
36,140.427,87.419,23,19,Brandon Jones,Tyt,4085,17,5098,1
37,141.059,87.027,22,19,Brandon Jones,Tyt,4085,17,5098,1
38,141.84,86.548,21,19,Brandon Jones,Tyt,4085,17,5098,1
39,142.076,86.404,21,19,Brandon Jones,Tyt,4085,17,5098,1
40,141.881,86.523,21,19,Brandon Jones,Tyt,4085,17,5098,1
41,142.488,86.155,20,19,Brandon Jones,Tyt,4085,17,5098,1
42,145.181,84.557,20,19,Brandon Jones,Tyt,4085,17,5098,1
43,142.757,85.992,19,19,Brandon Jones,Tyt,4085,17,5098,1
44,142.507,86.143,18,19,Brandon Jones,Tyt,4085,17,5098,1
45,142.499,86.148,18,19,Brandon Jones,Tyt,4085,17,5098,1
46,142.269,86.287,17,19,Brandon Jones,Tyt,4085,17,5098,4
0,NA,NA,13,23,Andy Lally,Chv,3816,18,5098,8
1,147.48,83.238,12,23,Andy Lally,Chv,3816,18,5098,1
2,141.75,86.603,12,23,Andy Lally,Chv,3816,18,5098,1
3,140.883,87.136,12,23,Andy Lally,Chv,3816,18,5098,1
4,141.067,87.022,12,23,Andy Lally,Chv,3816,18,5098,1
5,140.648,87.282,12,23,Andy Lally,Chv,3816,18,5098,1
6,140.842,87.162,12,23,Andy Lally,Chv,3816,18,5098,1
7,141.586,86.703,12,23,Andy Lally,Chv,3816,18,5098,1
8,141.877,86.526,11,23,Andy Lally,Chv,3816,18,5098,1
9,141.471,86.774,11,23,Andy Lally,Chv,3816,18,5098,1
10,141.52,86.744,11,23,Andy Lally,Chv,3816,18,5098,1
11,155.136,79.131,11,23,Andy Lally,Chv,3816,18,5098,2
12,267.357,45.916,3,23,Andy Lally,Chv,3816,18,5098,2
13,262.619,46.745,4,23,Andy Lally,Chv,3816,18,5098,1
14,142.972,85.863,4,23,Andy Lally,Chv,3816,18,5098,1
15,296.719,41.372,24,23,Andy Lally,Chv,3816,18,5098,2
16,290.025,42.327,21,23,Andy Lally,Chv,3816,18,5098,2
17,233.325,52.613,32,23,Andy Lally,Chv,3816,18,5098,1
18,147.811,83.052,25,23,Andy Lally,Chv,3816,18,5098,1
19,141.301,86.878,25,23,Andy Lally,Chv,3816,18,5098,1
20,207.37,59.199,23,23,Andy Lally,Chv,3816,18,5098,2
21,270.548,45.375,25,23,Andy Lally,Chv,3816,18,5098,2
22,243.462,50.423,23,23,Andy Lally,Chv,3816,18,5098,1
23,146.991,83.515,21,23,Andy Lally,Chv,3816,18,5098,1
24,141.879,86.524,18,23,Andy Lally,Chv,3816,18,5098,1
25,140.997,87.066,17,23,Andy Lally,Chv,3816,18,5098,1
26,141.512,86.749,16,23,Andy Lally,Chv,3816,18,5098,1
27,173.579,70.723,23,23,Andy Lally,Chv,3816,18,5098,1
28,147.039,83.488,23,23,Andy Lally,Chv,3816,18,5098,1
29,140.755,87.215,20,23,Andy Lally,Chv,3816,18,5098,1
30,141.713,86.626,21,23,Andy Lally,Chv,3816,18,5098,1
31,269.183,45.605,12,23,Andy Lally,Chv,3816,18,5098,2
32,293.149,41.876,11,23,Andy Lally,Chv,3816,18,5098,1
33,143.315,85.657,13,23,Andy Lally,Chv,3816,18,5098,1
34,140.655,87.277,12,23,Andy Lally,Chv,3816,18,5098,1
35,140.455,87.402,12,23,Andy Lally,Chv,3816,18,5098,1
36,141.219,86.929,13,23,Andy Lally,Chv,3816,18,5098,1
37,141.27,86.897,14,23,Andy Lally,Chv,3816,18,5098,1
38,142,86.451,14,23,Andy Lally,Chv,3816,18,5098,1
39,143.836,85.347,15,23,Andy Lally,Chv,3816,18,5098,1
40,144.023,85.236,16,23,Andy Lally,Chv,3816,18,5098,1
41,144.209,85.126,18,23,Andy Lally,Chv,3816,18,5098,1
42,143.475,85.562,16,23,Andy Lally,Chv,3816,18,5098,1
43,142.465,86.169,16,23,Andy Lally,Chv,3816,18,5098,1
44,144.521,84.943,17,23,Andy Lally,Chv,3816,18,5098,1
45,143.468,85.566,17,23,Andy Lally,Chv,3816,18,5098,1
46,143.26,85.690,18,23,Andy Lally,Chv,3816,18,5098,4
0,NA,NA,16,6,Spencer Pumpelly,Chv,4390,19,5098,8
1,147.904,83.000,14,6,Spencer Pumpelly,Chv,4390,19,5098,1
2,141.988,86.458,13,6,Spencer Pumpelly,Chv,4390,19,5098,1
3,141.273,86.896,14,6,Spencer Pumpelly,Chv,4390,19,5098,1
4,140.596,87.314,14,6,Spencer Pumpelly,Chv,4390,19,5098,1
5,141.363,86.840,14,6,Spencer Pumpelly,Chv,4390,19,5098,1
6,141.114,86.993,14,6,Spencer Pumpelly,Chv,4390,19,5098,1
7,142.231,86.310,14,6,Spencer Pumpelly,Chv,4390,19,5098,1
8,141.75,86.603,14,6,Spencer Pumpelly,Chv,4390,19,5098,1
9,144.164,85.153,15,6,Spencer Pumpelly,Chv,4390,19,5098,1
10,142.391,86.213,15,6,Spencer Pumpelly,Chv,4390,19,5098,1
11,157.864,77.763,15,6,Spencer Pumpelly,Chv,4390,19,5098,2
12,285.21,43.042,29,6,Spencer Pumpelly,Chv,4390,19,5098,2
13,238.375,51.499,23,6,Spencer Pumpelly,Chv,4390,19,5098,1
14,148.818,82.490,21,6,Spencer Pumpelly,Chv,4390,19,5098,1
15,277.86,44.181,15,6,Spencer Pumpelly,Chv,4390,19,5098,2
16,293.688,41.799,13,6,Spencer Pumpelly,Chv,4390,19,5098,2
17,238.04,51.571,14,6,Spencer Pumpelly,Chv,4390,19,5098,1
18,147.501,83.227,19,6,Spencer Pumpelly,Chv,4390,19,5098,1
19,141.208,86.936,18,6,Spencer Pumpelly,Chv,4390,19,5098,1
20,205.893,59.623,17,6,Spencer Pumpelly,Chv,4390,19,5098,2
21,269.285,45.587,17,6,Spencer Pumpelly,Chv,4390,19,5098,2
22,248.518,49.397,17,6,Spencer Pumpelly,Chv,4390,19,5098,1
23,146.81,83.618,17,6,Spencer Pumpelly,Chv,4390,19,5098,1
24,140.757,87.214,15,6,Spencer Pumpelly,Chv,4390,19,5098,1
25,141.401,86.817,13,6,Spencer Pumpelly,Chv,4390,19,5098,1
26,140.308,87.493,12,6,Spencer Pumpelly,Chv,4390,19,5098,1
27,182.125,67.404,26,6,Spencer Pumpelly,Chv,4390,19,5098,1
28,152.671,80.408,28,6,Spencer Pumpelly,Chv,4390,19,5098,1
29,147.972,82.962,27,6,Spencer Pumpelly,Chv,4390,19,5098,1
30,155.816,78.785,27,6,Spencer Pumpelly,Chv,4390,19,5098,1
31,244.587,50.191,16,6,Spencer Pumpelly,Chv,4390,19,5098,2
32,285.339,43.023,15,6,Spencer Pumpelly,Chv,4390,19,5098,1
33,142.797,85.968,12,6,Spencer Pumpelly,Chv,4390,19,5098,1
34,141.337,86.856,14,6,Spencer Pumpelly,Chv,4390,19,5098,1
35,141.503,86.754,15,6,Spencer Pumpelly,Chv,4390,19,5098,1
36,142.127,86.373,18,6,Spencer Pumpelly,Chv,4390,19,5098,1
37,141.899,86.512,18,6,Spencer Pumpelly,Chv,4390,19,5098,1
38,142.271,86.286,17,6,Spencer Pumpelly,Chv,4390,19,5098,1
39,143.925,85.294,19,6,Spencer Pumpelly,Chv,4390,19,5098,1
40,143.665,85.449,20,6,Spencer Pumpelly,Chv,4390,19,5098,1
41,143.502,85.546,21,6,Spencer Pumpelly,Chv,4390,19,5098,1
42,144.418,85.003,18,6,Spencer Pumpelly,Chv,4390,19,5098,1
43,142.902,85.905,18,6,Spencer Pumpelly,Chv,4390,19,5098,1
44,144.034,85.230,19,6,Spencer Pumpelly,Chv,4390,19,5098,1
45,143.961,85.273,19,6,Spencer Pumpelly,Chv,4390,19,5098,1
46,145.207,84.541,19,6,Spencer Pumpelly,Chv,4390,19,5098,4
0,NA,NA,4,36,Alex Labbe,Chv,4225,20,5098,8
1,145.368,84.448,7,36,Alex Labbe,Chv,4225,20,5098,1
2,140.61,87.305,7,36,Alex Labbe,Chv,4225,20,5098,1
3,140.744,87.222,7,36,Alex Labbe,Chv,4225,20,5098,1
4,141.336,86.857,7,36,Alex Labbe,Chv,4225,20,5098,1
5,142.447,86.179,9,36,Alex Labbe,Chv,4225,20,5098,1
6,141.459,86.781,9,36,Alex Labbe,Chv,4225,20,5098,1
7,142.787,85.974,10,36,Alex Labbe,Chv,4225,20,5098,1
8,144.241,85.108,13,36,Alex Labbe,Chv,4225,20,5098,1
9,143.344,85.640,13,36,Alex Labbe,Chv,4225,20,5098,1
10,142.592,86.092,13,36,Alex Labbe,Chv,4225,20,5098,1
11,156.13,78.627,13,36,Alex Labbe,Chv,4225,20,5098,2
12,264.929,46.337,9,36,Alex Labbe,Chv,4225,20,5098,2
13,261.385,46.965,22,36,Alex Labbe,Chv,4225,20,5098,1
14,149.199,82.279,22,36,Alex Labbe,Chv,4225,20,5098,1
15,276.214,44.444,13,36,Alex Labbe,Chv,4225,20,5098,2
16,311.872,39.362,31,36,Alex Labbe,Chv,4225,20,5098,2
17,223.314,54.972,30,36,Alex Labbe,Chv,4225,20,5098,1
18,146.76,83.647,23,36,Alex Labbe,Chv,4225,20,5098,1
19,141.157,86.967,22,36,Alex Labbe,Chv,4225,20,5098,1
20,210.85,58.221,25,36,Alex Labbe,Chv,4225,20,5098,2
21,265.279,46.276,20,36,Alex Labbe,Chv,4225,20,5098,2
22,247.552,49.590,27,36,Alex Labbe,Chv,4225,20,5098,1
23,146.563,83.759,22,36,Alex Labbe,Chv,4225,20,5098,1
24,142.193,86.333,19,36,Alex Labbe,Chv,4225,20,5098,1
25,141.154,86.969,18,36,Alex Labbe,Chv,4225,20,5098,1
26,141.045,87.036,17,36,Alex Labbe,Chv,4225,20,5098,1
27,141.712,86.626,8,36,Alex Labbe,Chv,4225,20,5098,1
28,152.067,80.728,9,36,Alex Labbe,Chv,4225,20,5098,1
29,167.998,73.072,22,36,Alex Labbe,Chv,4225,20,5098,1
30,142.063,86.412,22,36,Alex Labbe,Chv,4225,20,5098,1
31,269.114,45.616,13,36,Alex Labbe,Chv,4225,20,5098,2
32,292.211,42.011,12,36,Alex Labbe,Chv,4225,20,5098,1
33,144.483,84.965,16,36,Alex Labbe,Chv,4225,20,5098,1
34,140.799,87.188,16,36,Alex Labbe,Chv,4225,20,5098,1
35,141.773,86.589,18,36,Alex Labbe,Chv,4225,20,5098,1
36,141.775,86.588,19,36,Alex Labbe,Chv,4225,20,5098,1
37,141.84,86.548,19,36,Alex Labbe,Chv,4225,20,5098,1
38,141.86,86.536,18,36,Alex Labbe,Chv,4225,20,5098,1
39,142.446,86.180,17,36,Alex Labbe,Chv,4225,20,5098,1
40,144.277,85.086,19,36,Alex Labbe,Chv,4225,20,5098,1
41,143.335,85.646,19,36,Alex Labbe,Chv,4225,20,5098,1
42,145.307,84.483,19,36,Alex Labbe,Chv,4225,20,5098,1
43,144.561,84.919,20,36,Alex Labbe,Chv,4225,20,5098,1
44,144.27,85.090,20,36,Alex Labbe,Chv,4225,20,5098,1
45,143.828,85.352,20,36,Alex Labbe,Chv,4225,20,5098,1
46,144.483,84.965,20,36,Alex Labbe,Chv,4225,20,5098,4
0,NA,NA,23,2,Myatt Snider,Chv,4223,21,5098,8
1,149.238,82.258,18,2,Myatt Snider,Chv,4223,21,5098,1
2,142.338,86.245,17,2,Myatt Snider,Chv,4223,21,5098,1
3,141.663,86.656,17,2,Myatt Snider,Chv,4223,21,5098,1
4,141.678,86.647,17,2,Myatt Snider,Chv,4223,21,5098,1
5,141.858,86.537,18,2,Myatt Snider,Chv,4223,21,5098,1
6,141.759,86.598,18,2,Myatt Snider,Chv,4223,21,5098,1
7,143.806,85.365,19,2,Myatt Snider,Chv,4223,21,5098,1
8,142.702,86.025,19,2,Myatt Snider,Chv,4223,21,5098,1
9,143.879,85.322,18,2,Myatt Snider,Chv,4223,21,5098,1
10,143.459,85.571,19,2,Myatt Snider,Chv,4223,21,5098,1
11,156.431,78.475,19,2,Myatt Snider,Chv,4223,21,5098,2
12,282.266,43.491,31,2,Myatt Snider,Chv,4223,21,5098,2
13,234.54,52.341,24,2,Myatt Snider,Chv,4223,21,5098,1
14,146.638,83.716,17,2,Myatt Snider,Chv,4223,21,5098,1
15,277.189,44.287,10,2,Myatt Snider,Chv,4223,21,5098,2
16,292.329,41.994,9,2,Myatt Snider,Chv,4223,21,5098,2
17,241.514,50.829,9,2,Myatt Snider,Chv,4223,21,5098,1
18,141.698,86.635,7,2,Myatt Snider,Chv,4223,21,5098,1
19,140.075,87.639,7,2,Myatt Snider,Chv,4223,21,5098,1
20,206.526,59.440,7,2,Myatt Snider,Chv,4223,21,5098,2
21,269.166,45.608,7,2,Myatt Snider,Chv,4223,21,5098,2
22,254.68,48.202,8,2,Myatt Snider,Chv,4223,21,5098,1
23,142.482,86.158,7,2,Myatt Snider,Chv,4223,21,5098,1
24,139.39,88.069,7,2,Myatt Snider,Chv,4223,21,5098,1
25,139.776,87.826,6,2,Myatt Snider,Chv,4223,21,5098,1
26,140.023,87.671,6,2,Myatt Snider,Chv,4223,21,5098,1
27,172.813,71.036,20,2,Myatt Snider,Chv,4223,21,5098,1
28,146.645,83.712,19,2,Myatt Snider,Chv,4223,21,5098,1
29,140.805,87.184,14,2,Myatt Snider,Chv,4223,21,5098,1
30,140.363,87.459,14,2,Myatt Snider,Chv,4223,21,5098,1
31,279.816,43.872,8,2,Myatt Snider,Chv,4223,21,5098,2
32,295.696,41.516,8,2,Myatt Snider,Chv,4223,21,5098,1
33,141.348,86.849,6,2,Myatt Snider,Chv,4223,21,5098,1
34,139.364,88.086,6,2,Myatt Snider,Chv,4223,21,5098,1
35,140.45,87.405,7,2,Myatt Snider,Chv,4223,21,5098,1
36,141.84,86.548,10,2,Myatt Snider,Chv,4223,21,5098,1
37,142.258,86.294,10,2,Myatt Snider,Chv,4223,21,5098,1
38,142.138,86.367,10,2,Myatt Snider,Chv,4223,21,5098,1
39,142.783,85.977,11,2,Myatt Snider,Chv,4223,21,5098,1
40,141.449,86.787,11,2,Myatt Snider,Chv,4223,21,5098,1
41,145.52,84.360,13,2,Myatt Snider,Chv,4223,21,5098,1
42,155.569,78.910,21,2,Myatt Snider,Chv,4223,21,5098,1
43,144.673,84.853,22,2,Myatt Snider,Chv,4223,21,5098,1
44,142.428,86.191,21,2,Myatt Snider,Chv,4223,21,5098,1
45,142.886,85.915,21,2,Myatt Snider,Chv,4223,21,5098,1
46,143.127,85.770,21,2,Myatt Snider,Chv,4223,21,5098,4
0,NA,NA,30,4,Landon Cassill,Chv,3808,22,5098,8
1,155.199,79.098,32,4,Landon Cassill,Chv,3808,22,5098,1
2,145.657,84.280,32,4,Landon Cassill,Chv,3808,22,5098,1
3,144.629,84.879,32,4,Landon Cassill,Chv,3808,22,5098,1
4,144.084,85.200,32,4,Landon Cassill,Chv,3808,22,5098,1
5,143.566,85.508,32,4,Landon Cassill,Chv,3808,22,5098,1
6,143.929,85.292,32,4,Landon Cassill,Chv,3808,22,5098,1
7,144.083,85.201,32,4,Landon Cassill,Chv,3808,22,5098,1
8,144.513,84.947,30,4,Landon Cassill,Chv,3808,22,5098,1
9,144.997,84.664,30,4,Landon Cassill,Chv,3808,22,5098,1
10,144.72,84.826,27,4,Landon Cassill,Chv,3808,22,5098,1
11,160.161,76.648,27,4,Landon Cassill,Chv,3808,22,5098,2
12,231.028,53.136,13,4,Landon Cassill,Chv,3808,22,5098,2
13,260.353,47.151,28,4,Landon Cassill,Chv,3808,22,5098,1
14,155.215,79.090,29,4,Landon Cassill,Chv,3808,22,5098,1
15,333.09,36.855,32,4,Landon Cassill,Chv,3808,22,5098,2
16,245.712,49.961,30,4,Landon Cassill,Chv,3808,22,5098,2
17,224.327,54.724,29,4,Landon Cassill,Chv,3808,22,5098,1
18,152.032,80.746,28,4,Landon Cassill,Chv,3808,22,5098,1
19,144.302,85.072,28,4,Landon Cassill,Chv,3808,22,5098,1
20,204.311,60.085,27,4,Landon Cassill,Chv,3808,22,5098,2
21,277.937,44.168,29,4,Landon Cassill,Chv,3808,22,5098,2
22,233.329,52.612,28,4,Landon Cassill,Chv,3808,22,5098,1
23,149.545,82.089,28,4,Landon Cassill,Chv,3808,22,5098,1
24,144.804,84.777,27,4,Landon Cassill,Chv,3808,22,5098,1
25,145.359,84.453,26,4,Landon Cassill,Chv,3808,22,5098,1
26,145.21,84.540,25,4,Landon Cassill,Chv,3808,22,5098,1
27,145.049,84.633,17,4,Landon Cassill,Chv,3808,22,5098,1
28,145.764,84.218,14,4,Landon Cassill,Chv,3808,22,5098,1
29,148.556,82.636,18,4,Landon Cassill,Chv,3808,22,5098,1
30,144.395,85.017,18,4,Landon Cassill,Chv,3808,22,5098,1
31,307.286,39.950,27,4,Landon Cassill,Chv,3808,22,5098,2
32,261.53,46.939,25,4,Landon Cassill,Chv,3808,22,5098,1
33,149.065,82.353,28,4,Landon Cassill,Chv,3808,22,5098,1
34,142.312,86.261,27,4,Landon Cassill,Chv,3808,22,5098,1
35,142.7,86.027,27,4,Landon Cassill,Chv,3808,22,5098,1
36,142.777,85.980,25,4,Landon Cassill,Chv,3808,22,5098,1
37,141.742,86.608,25,4,Landon Cassill,Chv,3808,22,5098,1
38,141.603,86.693,25,4,Landon Cassill,Chv,3808,22,5098,1
39,142.007,86.446,23,4,Landon Cassill,Chv,3808,22,5098,1
40,142.91,85.900,23,4,Landon Cassill,Chv,3808,22,5098,1
41,143.26,85.690,22,4,Landon Cassill,Chv,3808,22,5098,1
42,142.82,85.954,22,4,Landon Cassill,Chv,3808,22,5098,1
43,143.908,85.305,21,4,Landon Cassill,Chv,3808,22,5098,1
44,143.147,85.758,22,4,Landon Cassill,Chv,3808,22,5098,1
45,143.772,85.385,22,4,Landon Cassill,Chv,3808,22,5098,1
46,145.029,84.645,22,4,Landon Cassill,Chv,3808,22,5098,4
0,NA,NA,33,51,Jeremy Clements,Chv,595,23,5098,8
1,150.941,81.330,25,51,Jeremy Clements,Chv,595,23,5098,1
2,143.817,85.358,23,51,Jeremy Clements,Chv,595,23,5098,1
3,142.103,86.388,23,51,Jeremy Clements,Chv,595,23,5098,1
4,142.046,86.423,23,51,Jeremy Clements,Chv,595,23,5098,1
5,141.476,86.771,23,51,Jeremy Clements,Chv,595,23,5098,1
6,142.457,86.173,23,51,Jeremy Clements,Chv,595,23,5098,1
7,142.022,86.437,22,51,Jeremy Clements,Chv,595,23,5098,1
8,142.746,85.999,22,51,Jeremy Clements,Chv,595,23,5098,1
9,144.336,85.052,24,51,Jeremy Clements,Chv,595,23,5098,1
10,142.623,86.073,23,51,Jeremy Clements,Chv,595,23,5098,1
11,160.283,76.590,23,51,Jeremy Clements,Chv,595,23,5098,2
12,248.196,49.461,10,51,Jeremy Clements,Chv,595,23,5098,2
13,259.359,47.332,5,51,Jeremy Clements,Chv,595,23,5098,1
14,143.103,85.784,5,51,Jeremy Clements,Chv,595,23,5098,1
15,297.935,41.204,25,51,Jeremy Clements,Chv,595,23,5098,2
16,289.319,42.431,22,51,Jeremy Clements,Chv,595,23,5098,2
17,230.954,53.153,21,51,Jeremy Clements,Chv,595,23,5098,1
18,146.848,83.597,21,51,Jeremy Clements,Chv,595,23,5098,1
19,141.662,86.657,21,51,Jeremy Clements,Chv,595,23,5098,1
20,207.757,59.088,20,51,Jeremy Clements,Chv,595,23,5098,2
21,270.005,45.466,22,51,Jeremy Clements,Chv,595,23,5098,2
22,245.68,49.967,21,51,Jeremy Clements,Chv,595,23,5098,1
23,147.695,83.117,23,51,Jeremy Clements,Chv,595,23,5098,1
24,145.145,84.577,23,51,Jeremy Clements,Chv,595,23,5098,1
25,142.37,86.226,22,51,Jeremy Clements,Chv,595,23,5098,1
26,142.135,86.369,21,51,Jeremy Clements,Chv,595,23,5098,1
27,142.599,86.088,12,51,Jeremy Clements,Chv,595,23,5098,1
28,142.351,86.238,7,51,Jeremy Clements,Chv,595,23,5098,1
29,142.559,86.112,6,51,Jeremy Clements,Chv,595,23,5098,1
30,143.345,85.640,6,51,Jeremy Clements,Chv,595,23,5098,1
31,309.403,39.676,20,51,Jeremy Clements,Chv,595,23,5098,2
32,296.045,41.467,29,51,Jeremy Clements,Chv,595,23,5098,1
33,148.587,82.618,29,51,Jeremy Clements,Chv,595,23,5098,1
34,140.912,87.118,29,51,Jeremy Clements,Chv,595,23,5098,1
35,140.846,87.159,29,51,Jeremy Clements,Chv,595,23,5098,1
36,140.823,87.173,29,51,Jeremy Clements,Chv,595,23,5098,1
37,141.479,86.769,28,51,Jeremy Clements,Chv,595,23,5098,1
38,140.891,87.131,28,51,Jeremy Clements,Chv,595,23,5098,1
39,141.347,86.850,26,51,Jeremy Clements,Chv,595,23,5098,1
40,141.328,86.862,26,51,Jeremy Clements,Chv,595,23,5098,1
41,141.936,86.490,26,51,Jeremy Clements,Chv,595,23,5098,1
42,141.783,86.583,25,51,Jeremy Clements,Chv,595,23,5098,1
43,142.975,85.861,24,51,Jeremy Clements,Chv,595,23,5098,1
44,143.493,85.551,23,51,Jeremy Clements,Chv,595,23,5098,1
45,144.457,84.980,23,51,Jeremy Clements,Chv,595,23,5098,1
46,143.682,85.439,23,51,Jeremy Clements,Chv,595,23,5098,4
0,NA,NA,31,99,Ryan Ellis,Tyt,4029,24,5098,8
1,155.405,78.994,33,99,Ryan Ellis,Tyt,4029,24,5098,1
2,145.815,84.189,33,99,Ryan Ellis,Tyt,4029,24,5098,1
3,144.33,85.055,33,99,Ryan Ellis,Tyt,4029,24,5098,1
4,144.287,85.080,33,99,Ryan Ellis,Tyt,4029,24,5098,1
5,143.948,85.281,33,99,Ryan Ellis,Tyt,4029,24,5098,1
6,143.994,85.254,33,99,Ryan Ellis,Tyt,4029,24,5098,1
7,144.41,85.008,33,99,Ryan Ellis,Tyt,4029,24,5098,1
8,144.393,85.018,31,99,Ryan Ellis,Tyt,4029,24,5098,1
9,144.3,85.073,31,99,Ryan Ellis,Tyt,4029,24,5098,1
10,466.377,26.322,34,99,Ryan Ellis,Tyt,4029,24,5098,1
11,199.035,61.678,34,99,Ryan Ellis,Tyt,4029,24,5098,2
12,159.619,76.908,34,99,Ryan Ellis,Tyt,4029,24,5098,2
13,158.763,77.323,34,99,Ryan Ellis,Tyt,4029,24,5098,1
14,169.108,72.593,33,99,Ryan Ellis,Tyt,4029,24,5098,1
15,170.545,71.981,33,99,Ryan Ellis,Tyt,4029,24,5098,2
16,217.773,56.371,33,99,Ryan Ellis,Tyt,4029,24,5098,2
17,213.179,57.585,31,99,Ryan Ellis,Tyt,4029,24,5098,1
18,152.793,80.344,30,99,Ryan Ellis,Tyt,4029,24,5098,1
19,145.157,84.570,30,99,Ryan Ellis,Tyt,4029,24,5098,1
20,204.818,59.936,30,99,Ryan Ellis,Tyt,4029,24,5098,2
21,268.166,45.778,28,99,Ryan Ellis,Tyt,4029,24,5098,2
22,240.365,51.072,26,99,Ryan Ellis,Tyt,4029,24,5098,1
23,150.522,81.556,29,99,Ryan Ellis,Tyt,4029,24,5098,1
24,144.85,84.750,28,99,Ryan Ellis,Tyt,4029,24,5098,1
25,146.615,83.729,29,99,Ryan Ellis,Tyt,4029,24,5098,1
26,144.449,84.985,27,99,Ryan Ellis,Tyt,4029,24,5098,1
27,144.79,84.785,18,99,Ryan Ellis,Tyt,4029,24,5098,1
28,148.176,82.847,20,99,Ryan Ellis,Tyt,4029,24,5098,1
29,145.79,84.203,19,99,Ryan Ellis,Tyt,4029,24,5098,1
30,145.442,84.405,19,99,Ryan Ellis,Tyt,4029,24,5098,1
31,303.781,40.411,26,99,Ryan Ellis,Tyt,4029,24,5098,2
32,263.171,46.646,24,99,Ryan Ellis,Tyt,4029,24,5098,1
33,148.746,82.530,27,99,Ryan Ellis,Tyt,4029,24,5098,1
34,143.826,85.353,28,99,Ryan Ellis,Tyt,4029,24,5098,1
35,142.574,86.103,28,99,Ryan Ellis,Tyt,4029,24,5098,1
36,143.531,85.529,27,99,Ryan Ellis,Tyt,4029,24,5098,1
37,142.571,86.104,26,99,Ryan Ellis,Tyt,4029,24,5098,1
38,141.817,86.562,26,99,Ryan Ellis,Tyt,4029,24,5098,1
39,142.348,86.239,25,99,Ryan Ellis,Tyt,4029,24,5098,1
40,143.591,85.493,24,99,Ryan Ellis,Tyt,4029,24,5098,1
41,142.342,86.243,24,99,Ryan Ellis,Tyt,4029,24,5098,1
42,143.222,85.713,24,99,Ryan Ellis,Tyt,4029,24,5098,1
43,144.194,85.135,25,99,Ryan Ellis,Tyt,4029,24,5098,1
44,145.367,84.448,24,99,Ryan Ellis,Tyt,4029,24,5098,1
45,143.418,85.596,24,99,Ryan Ellis,Tyt,4029,24,5098,1
46,143.807,85.364,24,99,Ryan Ellis,Tyt,4029,24,5098,4
0,NA,NA,34,39,Ryan Sieg,Frd,3884,25,5098,8
1,153.468,79.991,31,39,Ryan Sieg,Frd,3884,25,5098,1
2,143.667,85.448,30,39,Ryan Sieg,Frd,3884,25,5098,1
3,143.411,85.600,28,39,Ryan Sieg,Frd,3884,25,5098,1
4,143.578,85.501,28,39,Ryan Sieg,Frd,3884,25,5098,1
5,143.931,85.291,28,39,Ryan Sieg,Frd,3884,25,5098,1
6,144.137,85.169,28,39,Ryan Sieg,Frd,3884,25,5098,1
7,146.531,83.777,30,39,Ryan Sieg,Frd,3884,25,5098,1
8,145.316,84.478,29,39,Ryan Sieg,Frd,3884,25,5098,1
9,145.004,84.660,29,39,Ryan Sieg,Frd,3884,25,5098,1
10,146.704,83.679,28,39,Ryan Sieg,Frd,3884,25,5098,1
11,165.247,74.289,28,39,Ryan Sieg,Frd,3884,25,5098,2
12,231.136,53.112,17,39,Ryan Sieg,Frd,3884,25,5098,2
13,254.068,48.318,29,39,Ryan Sieg,Frd,3884,25,5098,1
14,153.739,79.850,28,39,Ryan Sieg,Frd,3884,25,5098,1
15,274.016,44.800,19,39,Ryan Sieg,Frd,3884,25,5098,2
16,308.236,39.827,32,39,Ryan Sieg,Frd,3884,25,5098,2
17,223.339,54.966,33,39,Ryan Sieg,Frd,3884,25,5098,1
18,153.987,79.721,31,39,Ryan Sieg,Frd,3884,25,5098,1
19,144.322,85.060,31,39,Ryan Sieg,Frd,3884,25,5098,1
20,202.886,60.507,29,39,Ryan Sieg,Frd,3884,25,5098,2
21,382.456,32.098,31,39,Ryan Sieg,Frd,3884,25,5098,2
22,143.326,85.651,31,39,Ryan Sieg,Frd,3884,25,5098,1
23,143.141,85.762,31,39,Ryan Sieg,Frd,3884,25,5098,1
24,143.223,85.712,31,39,Ryan Sieg,Frd,3884,25,5098,1
25,143.854,85.337,30,39,Ryan Sieg,Frd,3884,25,5098,1
26,143.222,85.713,28,39,Ryan Sieg,Frd,3884,25,5098,1
27,142.93,85.888,21,39,Ryan Sieg,Frd,3884,25,5098,1
28,144.053,85.219,15,39,Ryan Sieg,Frd,3884,25,5098,1
29,146.342,83.886,17,39,Ryan Sieg,Frd,3884,25,5098,1
30,144.197,85.134,17,39,Ryan Sieg,Frd,3884,25,5098,1
31,274.665,44.694,11,39,Ryan Sieg,Frd,3884,25,5098,2
32,295.923,41.484,27,39,Ryan Sieg,Frd,3884,25,5098,1
33,148.291,82.783,26,39,Ryan Sieg,Frd,3884,25,5098,1
34,141.783,86.583,24,39,Ryan Sieg,Frd,3884,25,5098,1
35,141.85,86.542,24,39,Ryan Sieg,Frd,3884,25,5098,1
36,141.89,86.518,24,39,Ryan Sieg,Frd,3884,25,5098,1
37,142.109,86.384,24,39,Ryan Sieg,Frd,3884,25,5098,1
38,142.128,86.373,23,39,Ryan Sieg,Frd,3884,25,5098,1
39,142.711,86.020,22,39,Ryan Sieg,Frd,3884,25,5098,1
40,143.432,85.588,22,39,Ryan Sieg,Frd,3884,25,5098,1
41,144.65,84.867,23,39,Ryan Sieg,Frd,3884,25,5098,1
42,143.518,85.536,23,39,Ryan Sieg,Frd,3884,25,5098,1
43,145.206,84.542,23,39,Ryan Sieg,Frd,3884,25,5098,1
44,146.225,83.953,25,39,Ryan Sieg,Frd,3884,25,5098,1
45,147.951,82.973,25,39,Ryan Sieg,Frd,3884,25,5098,1
46,146.705,83.678,25,39,Ryan Sieg,Frd,3884,25,5098,4
0,NA,NA,14,68,Brandon Brown,Chv,4118,26,5098,8
1,149.207,82.275,35,68,Brandon Brown,Chv,4118,26,5098,1
2,143.08,85.798,35,68,Brandon Brown,Chv,4118,26,5098,1
3,143.267,85.686,35,68,Brandon Brown,Chv,4118,26,5098,1
4,146.01,84.076,35,68,Brandon Brown,Chv,4118,26,5098,1
5,145.235,84.525,35,68,Brandon Brown,Chv,4118,26,5098,1
6,144.873,84.736,35,68,Brandon Brown,Chv,4118,26,5098,1
7,145.471,84.388,35,68,Brandon Brown,Chv,4118,26,5098,1
8,144.473,84.971,34,68,Brandon Brown,Chv,4118,26,5098,1
9,145.818,84.187,34,68,Brandon Brown,Chv,4118,26,5098,1
10,147.838,83.037,32,68,Brandon Brown,Chv,4118,26,5098,1
11,175.059,70.125,31,68,Brandon Brown,Chv,4118,26,5098,2
12,187.174,65.586,16,68,Brandon Brown,Chv,4118,26,5098,2
13,252.784,48.563,11,68,Brandon Brown,Chv,4118,26,5098,1
14,151.14,81.223,23,68,Brandon Brown,Chv,4118,26,5098,1
15,296.437,41.412,30,68,Brandon Brown,Chv,4118,26,5098,2
16,288.157,42.602,28,68,Brandon Brown,Chv,4118,26,5098,2
17,225.698,54.391,27,68,Brandon Brown,Chv,4118,26,5098,1
18,146.842,83.600,22,68,Brandon Brown,Chv,4118,26,5098,1
19,142.545,86.120,23,68,Brandon Brown,Chv,4118,26,5098,1
20,206.946,59.320,21,68,Brandon Brown,Chv,4118,26,5098,2
21,269.991,45.468,23,68,Brandon Brown,Chv,4118,26,5098,2
22,244.905,50.126,20,68,Brandon Brown,Chv,4118,26,5098,1
23,147.052,83.481,19,68,Brandon Brown,Chv,4118,26,5098,1
24,146.211,83.961,24,68,Brandon Brown,Chv,4118,26,5098,1
25,143.882,85.320,23,68,Brandon Brown,Chv,4118,26,5098,1
26,144.713,84.830,23,68,Brandon Brown,Chv,4118,26,5098,1
27,177.982,68.973,30,68,Brandon Brown,Chv,4118,26,5098,1
28,154.903,79.250,30,68,Brandon Brown,Chv,4118,26,5098,1
29,151.339,81.116,29,68,Brandon Brown,Chv,4118,26,5098,1
30,154.817,79.294,29,68,Brandon Brown,Chv,4118,26,5098,1
31,231.878,52.942,17,68,Brandon Brown,Chv,4118,26,5098,2
32,284.768,43.109,16,68,Brandon Brown,Chv,4118,26,5098,1
33,144.911,84.714,18,68,Brandon Brown,Chv,4118,26,5098,1
34,142.146,86.362,20,68,Brandon Brown,Chv,4118,26,5098,1
35,141.28,86.891,20,68,Brandon Brown,Chv,4118,26,5098,1
36,143.568,85.507,22,68,Brandon Brown,Chv,4118,26,5098,1
37,143.305,85.663,23,68,Brandon Brown,Chv,4118,26,5098,1
38,143.982,85.261,22,68,Brandon Brown,Chv,4118,26,5098,1
39,145.074,84.619,24,68,Brandon Brown,Chv,4118,26,5098,1
40,146.01,84.076,25,68,Brandon Brown,Chv,4118,26,5098,1
41,143.727,85.412,25,68,Brandon Brown,Chv,4118,26,5098,1
42,146.194,83.971,26,68,Brandon Brown,Chv,4118,26,5098,1
43,146.657,83.706,26,68,Brandon Brown,Chv,4118,26,5098,1
44,146.449,83.824,26,68,Brandon Brown,Chv,4118,26,5098,1
45,146.391,83.858,26,68,Brandon Brown,Chv,4118,26,5098,1
46,145.884,84.149,26,68,Brandon Brown,Chv,4118,26,5098,4
0,NA,NA,25,52,Gray Gaulding,Chv,4103,27,5098,8
1,152.453,80.523,26,52,Gray Gaulding,Chv,4103,27,5098,1
2,144.842,84.754,27,52,Gray Gaulding,Chv,4103,27,5098,1
3,145.281,84.498,30,52,Gray Gaulding,Chv,4103,27,5098,1
4,144.637,84.875,30,52,Gray Gaulding,Chv,4103,27,5098,1
5,143.974,85.265,30,52,Gray Gaulding,Chv,4103,27,5098,1
6,144.339,85.050,30,52,Gray Gaulding,Chv,4103,27,5098,1
7,145.269,84.505,31,52,Gray Gaulding,Chv,4103,27,5098,1
8,147.717,83.105,32,52,Gray Gaulding,Chv,4103,27,5098,1
9,144.569,84.914,32,52,Gray Gaulding,Chv,4103,27,5098,1
10,144.749,84.809,29,52,Gray Gaulding,Chv,4103,27,5098,1
11,223.989,54.806,33,52,Gray Gaulding,Chv,4103,27,5098,2
12,174.884,70.195,19,52,Gray Gaulding,Chv,4103,27,5098,2
13,251.226,48.864,30,52,Gray Gaulding,Chv,4103,27,5098,1
14,155.151,79.123,30,52,Gray Gaulding,Chv,4103,27,5098,1
15,287.853,42.647,29,52,Gray Gaulding,Chv,4103,27,5098,2
16,287.936,42.634,27,52,Gray Gaulding,Chv,4103,27,5098,2
17,226.307,54.245,26,52,Gray Gaulding,Chv,4103,27,5098,1
18,149.889,81.901,26,52,Gray Gaulding,Chv,4103,27,5098,1
19,142.287,86.276,26,52,Gray Gaulding,Chv,4103,27,5098,1
20,205.815,59.646,24,52,Gray Gaulding,Chv,4103,27,5098,2
21,271.328,45.244,26,52,Gray Gaulding,Chv,4103,27,5098,2
22,242.511,50.620,24,52,Gray Gaulding,Chv,4103,27,5098,1
23,148.361,82.744,26,52,Gray Gaulding,Chv,4103,27,5098,1
24,144.861,84.743,25,52,Gray Gaulding,Chv,4103,27,5098,1
25,147.442,83.260,27,52,Gray Gaulding,Chv,4103,27,5098,1
26,165.243,74.291,30,52,Gray Gaulding,Chv,4103,27,5098,1
27,150.577,81.526,29,52,Gray Gaulding,Chv,4103,27,5098,1
28,149.06,82.356,29,52,Gray Gaulding,Chv,4103,27,5098,1
29,147.649,83.143,28,52,Gray Gaulding,Chv,4103,27,5098,1
30,156.006,78.689,28,52,Gray Gaulding,Chv,4103,27,5098,1
31,276.707,44.365,28,52,Gray Gaulding,Chv,4103,27,5098,2
32,252.15,48.685,26,52,Gray Gaulding,Chv,4103,27,5098,1
33,147.293,83.344,24,52,Gray Gaulding,Chv,4103,27,5098,1
34,141.063,87.025,23,52,Gray Gaulding,Chv,4103,27,5098,1
35,144.157,85.157,25,52,Gray Gaulding,Chv,4103,27,5098,1
36,150.358,81.645,28,52,Gray Gaulding,Chv,4103,27,5098,1
37,146.151,83.995,29,52,Gray Gaulding,Chv,4103,27,5098,1
38,144.102,85.190,29,52,Gray Gaulding,Chv,4103,27,5098,1
39,143.016,85.837,28,52,Gray Gaulding,Chv,4103,27,5098,1
40,144.135,85.170,28,52,Gray Gaulding,Chv,4103,27,5098,1
41,145.814,84.189,29,52,Gray Gaulding,Chv,4103,27,5098,1
42,144.387,85.022,27,52,Gray Gaulding,Chv,4103,27,5098,1
43,143.916,85.300,27,52,Gray Gaulding,Chv,4103,27,5098,1
44,144.355,85.040,27,52,Gray Gaulding,Chv,4103,27,5098,1
45,144.311,85.066,27,52,Gray Gaulding,Chv,4103,27,5098,1
46,142.933,85.886,27,52,Gray Gaulding,Chv,4103,27,5098,4
0,NA,NA,27,15,Colby Howard,Chv,4344,28,5098,8
1,155.91,78.738,34,15,Colby Howard,Chv,4344,28,5098,1
2,146.044,84.057,34,15,Colby Howard,Chv,4344,28,5098,1
3,144.992,84.667,34,15,Colby Howard,Chv,4344,28,5098,1
4,144.261,85.096,34,15,Colby Howard,Chv,4344,28,5098,1
5,145.165,84.566,34,15,Colby Howard,Chv,4344,28,5098,1
6,144.306,85.069,34,15,Colby Howard,Chv,4344,28,5098,1
7,144.601,84.896,34,15,Colby Howard,Chv,4344,28,5098,1
8,144.213,85.124,33,15,Colby Howard,Chv,4344,28,5098,1
9,145.042,84.638,33,15,Colby Howard,Chv,4344,28,5098,1
10,145.124,84.590,30,15,Colby Howard,Chv,4344,28,5098,1
11,165.301,74.265,29,15,Colby Howard,Chv,4344,28,5098,2
12,222.45,55.185,14,15,Colby Howard,Chv,4344,28,5098,2
13,260.96,47.042,32,15,Colby Howard,Chv,4344,28,5098,1
14,155.161,79.118,31,15,Colby Howard,Chv,4344,28,5098,1
15,312.758,39.251,31,15,Colby Howard,Chv,4344,28,5098,2
16,263.759,46.542,29,15,Colby Howard,Chv,4344,28,5098,2
17,225.106,54.534,28,15,Colby Howard,Chv,4344,28,5098,1
18,152.631,80.429,29,15,Colby Howard,Chv,4344,28,5098,1
19,143.792,85.373,29,15,Colby Howard,Chv,4344,28,5098,1
20,204.845,59.928,28,15,Colby Howard,Chv,4344,28,5098,2
21,268.534,45.715,27,15,Colby Howard,Chv,4344,28,5098,2
22,241.612,50.809,25,15,Colby Howard,Chv,4344,28,5098,1
23,148.808,82.496,27,15,Colby Howard,Chv,4344,28,5098,1
24,144.537,84.933,26,15,Colby Howard,Chv,4344,28,5098,1
25,145.169,84.564,25,15,Colby Howard,Chv,4344,28,5098,1
26,143.378,85.620,24,15,Colby Howard,Chv,4344,28,5098,1
27,144.033,85.230,14,15,Colby Howard,Chv,4344,28,5098,1
28,143.441,85.582,11,15,Colby Howard,Chv,4344,28,5098,1
29,144.845,84.753,8,15,Colby Howard,Chv,4344,28,5098,1
30,144.747,84.810,10,15,Colby Howard,Chv,4344,28,5098,1
31,304.307,40.341,24,15,Colby Howard,Chv,4344,28,5098,2
32,274.163,44.776,21,15,Colby Howard,Chv,4344,28,5098,1
33,147.86,83.024,23,15,Colby Howard,Chv,4344,28,5098,1
34,143.053,85.814,25,15,Colby Howard,Chv,4344,28,5098,1
35,143.115,85.777,26,15,Colby Howard,Chv,4344,28,5098,1
36,144.604,84.894,26,15,Colby Howard,Chv,4344,28,5098,1
37,144.318,85.062,27,15,Colby Howard,Chv,4344,28,5098,1
38,146.068,84.043,27,15,Colby Howard,Chv,4344,28,5098,1
39,145.064,84.625,27,15,Colby Howard,Chv,4344,28,5098,1
40,145.8,84.198,27,15,Colby Howard,Chv,4344,28,5098,1
41,145.95,84.111,28,15,Colby Howard,Chv,4344,28,5098,1
42,146.006,84.079,28,15,Colby Howard,Chv,4344,28,5098,1
43,145.726,84.240,28,15,Colby Howard,Chv,4344,28,5098,1
44,147.689,83.121,28,15,Colby Howard,Chv,4344,28,5098,1
45,146.742,83.657,28,15,Colby Howard,Chv,4344,28,5098,1
46,149.22,82.268,28,15,Colby Howard,Chv,4344,28,5098,4
0,NA,NA,26,18,Daniel Hemric,Tyt,4093,29,5098,8
1,150.201,81.730,23,18,Daniel Hemric,Tyt,4093,29,5098,1
2,142.407,86.204,20,18,Daniel Hemric,Tyt,4093,29,5098,1
3,141.055,87.030,19,18,Daniel Hemric,Tyt,4093,29,5098,1
4,140.48,87.386,19,18,Daniel Hemric,Tyt,4093,29,5098,1
5,140.376,87.451,17,18,Daniel Hemric,Tyt,4093,29,5098,1
6,140.708,87.245,16,18,Daniel Hemric,Tyt,4093,29,5098,1
7,157.072,78.155,26,18,Daniel Hemric,Tyt,4093,29,5098,1
8,194.012,63.274,35,18,Daniel Hemric,Tyt,4093,29,5098,1
9,142.355,86.235,35,18,Daniel Hemric,Tyt,4093,29,5098,1
10,154.588,79.411,33,18,Daniel Hemric,Tyt,4093,29,5098,1
11,169.081,72.604,32,18,Daniel Hemric,Tyt,4093,29,5098,2
12,183.673,66.836,20,18,Daniel Hemric,Tyt,4093,29,5098,2
13,249.299,49.242,26,18,Daniel Hemric,Tyt,4093,29,5098,1
14,153.948,79.741,26,18,Daniel Hemric,Tyt,4093,29,5098,1
15,274.729,44.684,18,18,Daniel Hemric,Tyt,4093,29,5098,2
16,293.553,41.819,16,18,Daniel Hemric,Tyt,4093,29,5098,2
17,235.306,52.170,15,18,Daniel Hemric,Tyt,4093,29,5098,1
18,144,85.250,12,18,Daniel Hemric,Tyt,4093,29,5098,1
19,140.362,87.460,10,18,Daniel Hemric,Tyt,4093,29,5098,1
20,205.008,59.881,9,18,Daniel Hemric,Tyt,4093,29,5098,2
21,268.604,45.703,9,18,Daniel Hemric,Tyt,4093,29,5098,2
22,253.597,48.408,9,18,Daniel Hemric,Tyt,4093,29,5098,1
23,142.563,86.109,8,18,Daniel Hemric,Tyt,4093,29,5098,1
24,139.394,88.067,8,18,Daniel Hemric,Tyt,4093,29,5098,1
25,139.916,87.738,7,18,Daniel Hemric,Tyt,4093,29,5098,1
26,139.897,87.750,7,18,Daniel Hemric,Tyt,4093,29,5098,1
27,140.13,87.604,3,18,Daniel Hemric,Tyt,4093,29,5098,1
28,152.052,80.736,3,18,Daniel Hemric,Tyt,4093,29,5098,1
29,166.455,73.750,11,18,Daniel Hemric,Tyt,4093,29,5098,1
30,140.412,87.428,11,18,Daniel Hemric,Tyt,4093,29,5098,1
31,278.407,44.094,5,18,Daniel Hemric,Tyt,4093,29,5098,2
32,298.2,41.167,5,18,Daniel Hemric,Tyt,4093,29,5098,1
33,139.897,87.750,4,18,Daniel Hemric,Tyt,4093,29,5098,1
34,138.989,88.324,4,18,Daniel Hemric,Tyt,4093,29,5098,1
35,139.432,88.043,4,18,Daniel Hemric,Tyt,4093,29,5098,1
36,139.493,88.004,4,18,Daniel Hemric,Tyt,4093,29,5098,1
37,139.149,88.222,4,18,Daniel Hemric,Tyt,4093,29,5098,1
38,164.485,74.633,24,18,Daniel Hemric,Tyt,4093,29,5098,1
39,161.396,76.061,29,18,Daniel Hemric,Tyt,4093,29,5098,1
40,140.618,87.300,29,18,Daniel Hemric,Tyt,4093,29,5098,1
41,141.589,86.702,27,18,Daniel Hemric,Tyt,4093,29,5098,1
42,163.856,74.919,29,18,Daniel Hemric,Tyt,4093,29,5098,1
43,160.551,76.462,29,18,Daniel Hemric,Tyt,4093,29,5098,1
44,141.993,86.455,29,18,Daniel Hemric,Tyt,4093,29,5098,1
45,140.738,87.226,29,18,Daniel Hemric,Tyt,4093,29,5098,1
46,140.925,87.110,29,18,Daniel Hemric,Tyt,4093,29,5098,4
0,NA,NA,2,07,Ross Chastain,Chv,4001,30,5098,8
1,1669.882,7.351,36,07,Ross Chastain,Chv,4001,30,5098,1
2,210.167,58.411,36,07,Ross Chastain,Chv,4001,30,5098,1
3,236.588,51.888,36,07,Ross Chastain,Chv,4001,30,5098,1
4,186.097,65.966,36,07,Ross Chastain,Chv,4001,30,5098,1
5,246.583,49.784,36,07,Ross Chastain,Chv,4001,30,5098,1
6,299.87,40.938,36,07,Ross Chastain,Chv,4001,30,5098,1
7,225.135,54.527,36,07,Ross Chastain,Chv,4001,30,5098,1
8,161.28,76.116,36,07,Ross Chastain,Chv,4001,30,5098,1
9,149.128,82.319,36,07,Ross Chastain,Chv,4001,30,5098,1
10,194.694,63.053,35,07,Ross Chastain,Chv,4001,30,5098,1
11,262.203,46.819,35,07,Ross Chastain,Chv,4001,30,5098,2
12,242.174,50.691,35,07,Ross Chastain,Chv,4001,30,5098,2
13,164.574,74.593,35,07,Ross Chastain,Chv,4001,30,5098,1
14,148.594,82.614,34,07,Ross Chastain,Chv,4001,30,5098,1
15,142.176,86.344,34,07,Ross Chastain,Chv,4001,30,5098,2
16,142.279,86.281,34,07,Ross Chastain,Chv,4001,30,5098,2
17,150.235,81.712,34,07,Ross Chastain,Chv,4001,30,5098,1
18,170.863,71.847,34,07,Ross Chastain,Chv,4001,30,5098,1
19,158.039,77.677,34,07,Ross Chastain,Chv,4001,30,5098,1
20,159.966,76.741,33,07,Ross Chastain,Chv,4001,30,5098,2
21,213.756,57.430,33,07,Ross Chastain,Chv,4001,30,5098,2
22,322.947,38.012,33,07,Ross Chastain,Chv,4001,30,5098,1
23,151.443,81.060,33,07,Ross Chastain,Chv,4001,30,5098,1
24,141.466,86.777,33,07,Ross Chastain,Chv,4001,30,5098,1
25,142.884,85.916,33,07,Ross Chastain,Chv,4001,30,5098,1
26,142.945,85.879,32,07,Ross Chastain,Chv,4001,30,5098,1
27,142.886,85.915,32,07,Ross Chastain,Chv,4001,30,5098,1
28,142.816,85.957,32,07,Ross Chastain,Chv,4001,30,5098,1
29,143.405,85.604,32,07,Ross Chastain,Chv,4001,30,5098,1
30,142.47,86.166,30,07,Ross Chastain,Chv,4001,30,5098,1
31,142.332,86.249,30,07,Ross Chastain,Chv,4001,30,5098,2
32,142.575,86.102,30,07,Ross Chastain,Chv,4001,30,5098,1
33,143.113,85.778,30,07,Ross Chastain,Chv,4001,30,5098,1
34,142.931,85.888,30,07,Ross Chastain,Chv,4001,30,5098,1
35,144.475,84.970,30,07,Ross Chastain,Chv,4001,30,5098,1
36,142.815,85.957,30,07,Ross Chastain,Chv,4001,30,5098,1
0,NA,NA,24,13,Boris Said,Tyt,2883,31,5098,8
1,151.112,81.238,22,13,Boris Said,Tyt,2883,31,5098,1
2,144.676,84.852,24,13,Boris Said,Tyt,2883,31,5098,1
3,146.761,83.646,29,13,Boris Said,Tyt,2883,31,5098,1
4,144.508,84.950,29,13,Boris Said,Tyt,2883,31,5098,1
5,144.072,85.207,29,13,Boris Said,Tyt,2883,31,5098,1
6,143.76,85.392,29,13,Boris Said,Tyt,2883,31,5098,1
7,144.412,85.007,28,13,Boris Said,Tyt,2883,31,5098,1
8,143.202,85.725,27,13,Boris Said,Tyt,2883,31,5098,1
9,143.447,85.579,27,13,Boris Said,Tyt,2883,31,5098,1
10,2559.876,4.796,36,13,Boris Said,Tyt,2883,31,5098,1
11,213.548,57.486,36,13,Boris Said,Tyt,2883,31,5098,2
12,150.668,81.477,36,13,Boris Said,Tyt,2883,31,5098,2
13,146.551,83.766,36,13,Boris Said,Tyt,2883,31,5098,1
14,146.065,84.045,35,13,Boris Said,Tyt,2883,31,5098,1
15,143.966,85.270,35,13,Boris Said,Tyt,2883,31,5098,2
16,144.966,84.682,35,13,Boris Said,Tyt,2883,31,5098,2
17,147.807,83.054,35,13,Boris Said,Tyt,2883,31,5098,1
18,143.873,85.325,35,13,Boris Said,Tyt,2883,31,5098,1
19,152.239,80.636,35,13,Boris Said,Tyt,2883,31,5098,1
20,399.926,30.696,34,13,Boris Said,Tyt,2883,31,5098,2
21,161.317,76.099,34,13,Boris Said,Tyt,2883,31,5098,2
22,148.764,82.520,34,13,Boris Said,Tyt,2883,31,5098,1
23,146.095,84.028,34,13,Boris Said,Tyt,2883,31,5098,1
24,144.798,84.780,34,13,Boris Said,Tyt,2883,31,5098,1
25,145.843,84.173,34,13,Boris Said,Tyt,2883,31,5098,1
26,148.44,82.700,33,13,Boris Said,Tyt,2883,31,5098,1
27,145.886,84.148,33,13,Boris Said,Tyt,2883,31,5098,1
28,145.515,84.362,33,13,Boris Said,Tyt,2883,31,5098,1
29,144.958,84.687,33,13,Boris Said,Tyt,2883,31,5098,1
30,146.134,84.005,31,13,Boris Said,Tyt,2883,31,5098,1
31,147.33,83.323,31,13,Boris Said,Tyt,2883,31,5098,2
32,147.669,83.132,31,13,Boris Said,Tyt,2883,31,5098,1
33,148.471,82.683,31,13,Boris Said,Tyt,2883,31,5098,1
34,149.036,82.369,31,13,Boris Said,Tyt,2883,31,5098,1
35,150.32,81.666,31,13,Boris Said,Tyt,2883,31,5098,1
0,NA,NA,36,26,Kris Wright,Tyt,4364,32,5098,8
1,152.562,80.466,27,26,Kris Wright,Tyt,4364,32,5098,1
2,143.289,85.673,26,26,Kris Wright,Tyt,4364,32,5098,1
3,144.841,84.755,27,26,Kris Wright,Tyt,4364,32,5098,1
4,143.512,85.540,27,26,Kris Wright,Tyt,4364,32,5098,1
5,143.144,85.760,27,26,Kris Wright,Tyt,4364,32,5098,1
6,143.179,85.739,27,26,Kris Wright,Tyt,4364,32,5098,1
7,143.783,85.379,27,26,Kris Wright,Tyt,4364,32,5098,1
8,143.728,85.411,26,26,Kris Wright,Tyt,4364,32,5098,1
9,143.841,85.344,26,26,Kris Wright,Tyt,4364,32,5098,1
10,144.226,85.116,25,26,Kris Wright,Tyt,4364,32,5098,1
11,155.738,78.825,25,26,Kris Wright,Tyt,4364,32,5098,2
12,355.138,34.567,33,26,Kris Wright,Tyt,4364,32,5098,2
13,150.563,81.534,31,26,Kris Wright,Tyt,4364,32,5098,1
14,148.515,82.658,25,26,Kris Wright,Tyt,4364,32,5098,1
15,277.352,44.261,17,26,Kris Wright,Tyt,4364,32,5098,2
16,293.727,41.794,15,26,Kris Wright,Tyt,4364,32,5098,2
17,236.014,52.014,16,26,Kris Wright,Tyt,4364,32,5098,1
18,283.146,43.356,33,26,Kris Wright,Tyt,4364,32,5098,1
19,214.608,57.202,33,26,Kris Wright,Tyt,4364,32,5098,1
20,186.313,65.889,31,26,Kris Wright,Tyt,4364,32,5098,2
21,253.034,48.515,32,26,Kris Wright,Tyt,4364,32,5098,2
22,148.131,82.873,32,26,Kris Wright,Tyt,4364,32,5098,1
23,141.753,86.601,32,26,Kris Wright,Tyt,4364,32,5098,1
24,141.6,86.695,32,26,Kris Wright,Tyt,4364,32,5098,1
25,142.442,86.182,32,26,Kris Wright,Tyt,4364,32,5098,1
26,145.198,84.547,31,26,Kris Wright,Tyt,4364,32,5098,1
27,147.094,83.457,31,26,Kris Wright,Tyt,4364,32,5098,1
28,147.122,83.441,31,26,Kris Wright,Tyt,4364,32,5098,1
29,153.533,79.957,30,26,Kris Wright,Tyt,4364,32,5098,1
0,NA,NA,28,66,Timmy Hill,Tyt,3984,33,5098,8
1,154.31,79.554,30,66,Timmy Hill,Tyt,3984,33,5098,1
2,145.143,84.579,31,66,Timmy Hill,Tyt,3984,33,5098,1
3,144.004,85.248,31,66,Timmy Hill,Tyt,3984,33,5098,1
4,144.101,85.190,31,66,Timmy Hill,Tyt,3984,33,5098,1
5,144.047,85.222,31,66,Timmy Hill,Tyt,3984,33,5098,1
6,144.015,85.241,31,66,Timmy Hill,Tyt,3984,33,5098,1
7,144.014,85.242,29,66,Timmy Hill,Tyt,3984,33,5098,1
8,143.735,85.407,28,66,Timmy Hill,Tyt,3984,33,5098,1
9,143.035,85.825,28,66,Timmy Hill,Tyt,3984,33,5098,1
10,145.652,84.283,26,66,Timmy Hill,Tyt,3984,33,5098,1
11,160.789,76.349,26,66,Timmy Hill,Tyt,3984,33,5098,2
12,233.189,52.644,12,66,Timmy Hill,Tyt,3984,33,5098,2
13,257.337,47.704,7,66,Timmy Hill,Tyt,3984,33,5098,1
14,147.972,82.962,16,66,Timmy Hill,Tyt,3984,33,5098,1
15,274.018,44.800,6,66,Timmy Hill,Tyt,3984,33,5098,2
16,312.411,39.294,26,66,Timmy Hill,Tyt,3984,33,5098,2
17,227.161,54.041,25,66,Timmy Hill,Tyt,3984,33,5098,1
18,152.154,80.681,27,66,Timmy Hill,Tyt,3984,33,5098,1
19,143.513,85.539,27,66,Timmy Hill,Tyt,3984,33,5098,1
20,204.934,59.902,26,66,Timmy Hill,Tyt,3984,33,5098,2
21,265.018,46.321,21,66,Timmy Hill,Tyt,3984,33,5098,2
22,247.688,49.562,29,66,Timmy Hill,Tyt,3984,33,5098,1
23,149.681,82.014,30,66,Timmy Hill,Tyt,3984,33,5098,1
24,145.17,84.563,29,66,Timmy Hill,Tyt,3984,33,5098,1
25,144.981,84.673,28,66,Timmy Hill,Tyt,3984,33,5098,1
26,144.5,84.955,26,66,Timmy Hill,Tyt,3984,33,5098,1
27,143.986,85.258,15,66,Timmy Hill,Tyt,3984,33,5098,1
28,144.897,84.722,12,66,Timmy Hill,Tyt,3984,33,5098,1
29,725.111,16.930,31,66,Timmy Hill,Tyt,3984,33,5098,1
0,NA,NA,15,8,Miguel Paludo,Chv,3960,34,5098,8
1,147.809,83.053,13,8,Miguel Paludo,Chv,3960,34,5098,1
2,142.03,86.432,14,8,Miguel Paludo,Chv,3960,34,5098,1
3,140.394,87.440,13,8,Miguel Paludo,Chv,3960,34,5098,1
4,140.863,87.149,13,8,Miguel Paludo,Chv,3960,34,5098,1
5,141.005,87.061,13,8,Miguel Paludo,Chv,3960,34,5098,1
6,140.796,87.190,13,8,Miguel Paludo,Chv,3960,34,5098,1
7,141.472,86.773,13,8,Miguel Paludo,Chv,3960,34,5098,1
8,141.957,86.477,12,8,Miguel Paludo,Chv,3960,34,5098,1
9,141.478,86.770,12,8,Miguel Paludo,Chv,3960,34,5098,1
10,141.819,86.561,12,8,Miguel Paludo,Chv,3960,34,5098,1
11,155.577,78.906,12,8,Miguel Paludo,Chv,3960,34,5098,2
12,268.816,45.667,8,8,Miguel Paludo,Chv,3960,34,5098,2
13,260.913,47.050,13,8,Miguel Paludo,Chv,3960,34,5098,1
14,144.665,84.858,10,8,Miguel Paludo,Chv,3960,34,5098,1
15,275.688,44.529,4,8,Miguel Paludo,Chv,3960,34,5098,2
16,290.925,42.196,4,8,Miguel Paludo,Chv,3960,34,5098,2
17,247.191,49.662,4,8,Miguel Paludo,Chv,3960,34,5098,1
18,140.746,87.221,5,8,Miguel Paludo,Chv,3960,34,5098,1
19,138.976,88.332,5,8,Miguel Paludo,Chv,3960,34,5098,1
20,207.361,59.201,5,8,Miguel Paludo,Chv,3960,34,5098,2
21,268.952,45.644,5,8,Miguel Paludo,Chv,3960,34,5098,2
22,256.39,47.880,5,8,Miguel Paludo,Chv,3960,34,5098,1
23,142.087,86.398,6,8,Miguel Paludo,Chv,3960,34,5098,1
24,139.234,88.168,6,8,Miguel Paludo,Chv,3960,34,5098,1
25,198.379,61.882,31,8,Miguel Paludo,Chv,3960,34,5098,1
0,NA,NA,32,44,Tommy Joe Martins,Chv,3902,35,5098,8
1,153.055,80.206,28,44,Tommy Joe Martins,Chv,3902,35,5098,1
2,144.376,85.028,29,44,Tommy Joe Martins,Chv,3902,35,5098,1
3,143.054,85.814,26,44,Tommy Joe Martins,Chv,3902,35,5098,1
4,141.956,86.478,26,44,Tommy Joe Martins,Chv,3902,35,5098,1
5,142.218,86.318,26,44,Tommy Joe Martins,Chv,3902,35,5098,1
6,143.319,85.655,26,44,Tommy Joe Martins,Chv,3902,35,5098,1
7,142.323,86.255,25,44,Tommy Joe Martins,Chv,3902,35,5098,1
8,143.079,85.799,25,44,Tommy Joe Martins,Chv,3902,35,5098,1
9,142.267,86.288,25,44,Tommy Joe Martins,Chv,3902,35,5098,1
10,142.58,86.099,24,44,Tommy Joe Martins,Chv,3902,35,5098,1
11,158.171,77.612,24,44,Tommy Joe Martins,Chv,3902,35,5098,2
12,247.759,49.548,11,44,Tommy Joe Martins,Chv,3902,35,5098,2
13,258.918,47.413,8,44,Tommy Joe Martins,Chv,3902,35,5098,1
14,145.605,84.310,12,44,Tommy Joe Martins,Chv,3902,35,5098,1
15,295.993,41.474,26,44,Tommy Joe Martins,Chv,3902,35,5098,2
16,289.193,42.449,23,44,Tommy Joe Martins,Chv,3902,35,5098,2
17,230.112,53.348,22,44,Tommy Joe Martins,Chv,3902,35,5098,1
18,146.649,83.710,20,44,Tommy Joe Martins,Chv,3902,35,5098,1
19,141.73,86.615,20,44,Tommy Joe Martins,Chv,3902,35,5098,1
0,NA,NA,20,9,Noah Gragson,Chv,4224,36,5098,8
1,148.032,82.928,15,9,Noah Gragson,Chv,4224,36,5098,1
2,142.86,85.930,15,9,Noah Gragson,Chv,4224,36,5098,1
3,141.038,87.040,15,9,Noah Gragson,Chv,4224,36,5098,1
4,141.343,86.853,15,9,Noah Gragson,Chv,4224,36,5098,1
5,140.991,87.069,15,9,Noah Gragson,Chv,4224,36,5098,1
6,141.233,86.920,15,9,Noah Gragson,Chv,4224,36,5098,1
7,141.699,86.634,15,9,Noah Gragson,Chv,4224,36,5098,1
8,141.81,86.567,15,9,Noah Gragson,Chv,4224,36,5098,1
9,142.678,86.040,14,9,Noah Gragson,Chv,4224,36,5098,1
10,142.089,86.397,14,9,Noah Gragson,Chv,4224,36,5098,1
11,157.922,77.735,14,9,Noah Gragson,Chv,4224,36,5098,2
12,283.888,43.242,27,9,Noah Gragson,Chv,4224,36,5098,2
13,239.988,51.153,20,9,Noah Gragson,Chv,4224,36,5098,1
